"table_name","description","category","support_tier","collection_method","solutions","resource_types","table_type","source_azure_monitor","source_defender_xdr","xdr_only","source_feature_support","source_ingestion_api","source_sentinel_tables","azure_monitor_doc_link","defender_xdr_doc_link","basic_logs_eligible","supports_transformations","ingestion_api_supported","lake_only_supported"
"AACAudit","Reference for AACAudit table in Azure Monitor Logs.","Audit","","","LogManagement","microsoft.appconfiguration/configurationstores","","Yes","No","No","Yes","No","No","https://learn.microsoft.com/en-us/azure/azure-monitor/reference/tables/aacaudit","","No","Yes","No","No"
"AACHttpRequest","Reference for AACHttpRequest table in Azure Monitor Logs.","Azure Resources","","","LogManagement","microsoft.appconfiguration/configurationstores","","Yes","No","No","Yes","No","No","https://learn.microsoft.com/en-us/azure/azure-monitor/reference/tables/aachttprequest","","No","Yes","No","No"
"AADAgentRiskEvents","Reference for AADAgentRiskEvents table in Azure Monitor Logs.","Entra","","","LogManagement","-","","Yes","No","No","Yes","No","No","https://learn.microsoft.com/en-us/azure/azure-monitor/reference/tables/aadagentriskevents","","Yes","No","No","Yes"
"AADB2CRequestLogs","Reference for AADB2CRequestLogs table in Azure Monitor Logs.","Entra","","","LogManagement","microsoft.aadiam/tenants","","Yes","No","No","Yes","No","No","https://learn.microsoft.com/en-us/azure/azure-monitor/reference/tables/aadb2crequestlogs","","No","Yes","No","No"
"AADCustomSecurityAttributeAuditLogs","Reference for AADCustomSecurityAttributeAuditLogs table in Azure Monitor Logs.","Entra","","","LogManagement","-","","Yes","No","No","Yes","No","No","https://learn.microsoft.com/en-us/azure/azure-monitor/reference/tables/aadcustomsecurityattributeauditlogs","","No","Yes","No","Yes"
"AADDomainServicesAccountLogon","Reference for AADDomainServicesAccountLogon table in Azure Monitor Logs.","Entra","","","LogManagement","microsoft.aad/domainservices","","Yes","No","No","Yes","No","No","https://learn.microsoft.com/en-us/azure/azure-monitor/reference/tables/aaddomainservicesaccountlogon","","No","Yes","No","No"
"AADDomainServicesAccountManagement","Reference for AADDomainServicesAccountManagement table in Azure Monitor Logs.","Entra","","","LogManagement","microsoft.aad/domainservices","","Yes","No","No","Yes","No","No","https://learn.microsoft.com/en-us/azure/azure-monitor/reference/tables/aaddomainservicesaccountmanagement","","No","Yes","No","No"
"AADDomainServicesDNSAuditsDynamicUpdates","Reference for AADDomainServicesDNSAuditsDynamicUpdates table in Azure Monitor Logs.","Entra","","","LogManagement","microsoft.aad/domainservices","","Yes","No","No","Yes","No","No","https://learn.microsoft.com/en-us/azure/azure-monitor/reference/tables/aaddomainservicesdnsauditsdynamicupdates","","Yes","Yes","No","Yes"
"AADDomainServicesDNSAuditsGeneral","Reference for AADDomainServicesDNSAuditsGeneral table in Azure Monitor Logs.","Entra","","","LogManagement","microsoft.aad/domainservices","","Yes","No","No","Yes","No","No","https://learn.microsoft.com/en-us/azure/azure-monitor/reference/tables/aaddomainservicesdnsauditsgeneral","","Yes","Yes","No","Yes"
"AADDomainServicesDirectoryServiceAccess","Reference for AADDomainServicesDirectoryServiceAccess table in Azure Monitor Logs.","Entra","","","LogManagement","microsoft.aad/domainservices","","Yes","No","No","Yes","No","No","https://learn.microsoft.com/en-us/azure/azure-monitor/reference/tables/aaddomainservicesdirectoryserviceaccess","","No","Yes","No","No"
"AADDomainServicesLogonLogoff","Reference for AADDomainServicesLogonLogoff table in Azure Monitor Logs.","Entra","","","LogManagement","microsoft.aad/domainservices","","Yes","No","No","Yes","No","No","https://learn.microsoft.com/en-us/azure/azure-monitor/reference/tables/aaddomainserviceslogonlogoff","","No","Yes","No","No"
"AADDomainServicesPolicyChange","Reference for AADDomainServicesPolicyChange table in Azure Monitor Logs.","Entra","","","LogManagement","microsoft.aad/domainservices","","Yes","No","No","Yes","No","No","https://learn.microsoft.com/en-us/azure/azure-monitor/reference/tables/aaddomainservicespolicychange","","No","Yes","No","No"
"AADDomainServicesPrivilegeUse","Reference for AADDomainServicesPrivilegeUse table in Azure Monitor Logs.","Entra","","","LogManagement","microsoft.aad/domainservices","","Yes","No","No","Yes","No","No","https://learn.microsoft.com/en-us/azure/azure-monitor/reference/tables/aaddomainservicesprivilegeuse","","No","Yes","No","No"
"AADDomainServicesSystemSecurity","Reference for AADDomainServicesSystemSecurity table in Azure Monitor Logs.","Entra","","","LogManagement","microsoft.aad/domainservices","","Yes","No","No","Yes","No","No","https://learn.microsoft.com/en-us/azure/azure-monitor/reference/tables/aaddomainservicessystemsecurity","","No","No","No","No"
"AADGraphActivityLogs","Reference for AADGraphActivityLogs table in Azure Monitor Logs.","Entra","","","LogManagement","microsoft.azureadgraph/tenants","","Yes","No","No","Yes","No","No","https://learn.microsoft.com/en-us/azure/azure-monitor/reference/tables/aadgraphactivitylogs","","Yes","Yes","No","Yes"
"AADManagedIdentitySignInLogs","Reference for AADManagedIdentitySignInLogs table in Azure Monitor Logs.","Entra","","","LogManagement","-","","Yes","No","No","Yes","No","Yes","https://learn.microsoft.com/en-us/azure/azure-monitor/reference/tables/aadmanagedidentitysigninlogs","","Yes","Yes","No","Yes"
"AADNonInteractiveUserSignInLogs","Reference for AADNonInteractiveUserSignInLogs table in Azure Monitor Logs.","Entra","","","LogManagement","-","","Yes","No","No","Yes","No","Yes","https://learn.microsoft.com/en-us/azure/azure-monitor/reference/tables/aadnoninteractiveusersigninlogs","","Yes","Yes","No","Yes"
"AADProvisioningLogs","Reference for AADProvisioningLogs table in Azure Monitor Logs.","Entra","","","LogManagement","-","","Yes","No","No","Yes","No","Yes","https://learn.microsoft.com/en-us/azure/azure-monitor/reference/tables/aadprovisioninglogs","","Yes","Yes","No","Yes"
"AADRiskyAgents","Reference for AADRiskyAgents table in Azure Monitor Logs.","Entra","","","LogManagement","-","","Yes","No","No","Yes","No","No","https://learn.microsoft.com/en-us/azure/azure-monitor/reference/tables/aadriskyagents","","Yes","No","No","Yes"
"AADRiskyServicePrincipals","Reference for AADRiskyServicePrincipals table in Azure Monitor Logs.","Entra","","","LogManagement","-","","Yes","No","No","Yes","No","Yes","https://learn.microsoft.com/en-us/azure/azure-monitor/reference/tables/aadriskyserviceprincipals","","Yes","Yes","No","Yes"
"AADRiskyUsers","Reference for AADRiskyUsers table in Azure Monitor Logs.","Entra","","","LogManagement","-","","Yes","No","No","Yes","No","Yes","https://learn.microsoft.com/en-us/azure/azure-monitor/reference/tables/aadriskyusers","","Yes","Yes","No","Yes"
"AADServicePrincipalRiskEvents","Reference for AADServicePrincipalRiskEvents table in Azure Monitor Logs.","Entra","","","LogManagement","-","","Yes","No","No","Yes","No","Yes","https://learn.microsoft.com/en-us/azure/azure-monitor/reference/tables/aadserviceprincipalriskevents","","Yes","Yes","No","Yes"
"AADServicePrincipalSignInLogs","Reference for AADServicePrincipalSignInLogs table in Azure Monitor Logs.","Entra","","","LogManagement","-","","Yes","No","No","Yes","No","Yes","https://learn.microsoft.com/en-us/azure/azure-monitor/reference/tables/aadserviceprincipalsigninlogs","","Yes","Yes","No","Yes"
"AADSignInEventsBeta","Microsoft Entra interactive and non-interactive sign-ins","Entra","","","","","","No","Yes","Yes","No","No","No","","https://learn.microsoft.com/en-us/defender-xdr/advanced-hunting-aadsignineventsbeta-table","","","No",""
"AADSpnSignInEventsBeta","Microsoft Entra service principal and managed identity sign-ins","Entra","","","","","","No","Yes","Yes","No","No","No","","https://learn.microsoft.com/en-us/defender-xdr/advanced-hunting-aadspnsignineventsbeta-table","","","No",""
"AADUserRiskEvents","Reference for AADUserRiskEvents table in Azure Monitor Logs.","Entra","","","LogManagement","-","","Yes","No","No","Yes","No","Yes","https://learn.microsoft.com/en-us/azure/azure-monitor/reference/tables/aaduserriskevents","","Yes","Yes","No","Yes"
"ABAPAuditLog","Reference for ABAPAuditLog table in Azure Monitor Logs.","Security","","","SecurityInsights","-","","Yes","No","No","Yes","Yes","Yes","https://learn.microsoft.com/en-us/azure/azure-monitor/reference/tables/abapauditlog","","Yes","Yes","Yes","Yes"
"ABAPAuthorizationDetails","Reference for ABAPAuthorizationDetails table in Azure Monitor Logs.","Security","","REST Pull API","SecurityInsights","-","","Yes","No","No","Yes","Yes","No","https://learn.microsoft.com/en-us/azure/azure-monitor/reference/tables/abapauthorizationdetails","","Yes","Yes","Yes","Yes"
"ABAPChangeDocsLog","Reference for ABAPChangeDocsLog table in Azure Monitor Logs.","Security","","REST Pull API","SecurityInsights","-","","Yes","No","No","Yes","Yes","No","https://learn.microsoft.com/en-us/azure/azure-monitor/reference/tables/abapchangedocslog","","Yes","Yes","Yes","Yes"
"ABAPTableDataLog","Reference for ABAPTableDataLog table in Azure Monitor Logs.","Security","","","SecurityInsights","-","","Yes","No","No","Yes","No","No","https://learn.microsoft.com/en-us/azure/azure-monitor/reference/tables/abaptabledatalog","","Yes","Yes","No","Yes"
"ABAPUserDetails","Reference for ABAPUserDetails table in Azure Monitor Logs.","Security","","REST Pull API","SecurityInsights","-","","Yes","No","No","Yes","Yes","No","https://learn.microsoft.com/en-us/azure/azure-monitor/reference/tables/abapuserdetails","","Yes","Yes","Yes","Yes"
"ABNORMAL_CASES_CL","","","","","","","","No","No","No","No","No","Yes","","","","No","Yes","No"
"ABNORMAL_THREAT_MESSAGES_CL","","","","","","","","No","No","No","No","No","Yes","","","","No","Yes","No"
"ABSBotRequests","Reference for ABSBotRequests table in Azure Monitor Logs.","Azure Resources","","","LogManagement","microsoft.botservice/botservices","","Yes","No","No","Yes","No","No","https://learn.microsoft.com/en-us/azure/azure-monitor/reference/tables/absbotrequests","","No","Yes","No","No"
"ACICollaborationAudit","Reference for ACICollaborationAudit table in Azure Monitor Logs.","Audit, Azure Resources","","","LogManagement","microsoft.datacollaboration/workspaces","","Yes","No","No","Yes","No","No","https://learn.microsoft.com/en-us/azure/azure-monitor/reference/tables/acicollaborationaudit","","No","Yes","No","No"
"ACLTransactionLogs","Reference for ACLTransactionLogs table in Azure Monitor Logs.","Audit, Azure Resources","","","LogManagement","microsoft.confidentialledger/ledgers","","Yes","No","No","Yes","No","No","https://learn.microsoft.com/en-us/azure/azure-monitor/reference/tables/acltransactionlogs","","Yes","No","No","No"
"ACLUserDefinedLogs","Reference for ACLUserDefinedLogs table in Azure Monitor Logs.","Applications, Audit, Azure Resources","","","LogManagement","microsoft.confidentialledger/ledgers","","Yes","No","No","Yes","No","No","https://learn.microsoft.com/en-us/azure/azure-monitor/reference/tables/acluserdefinedlogs","","Yes","No","No","No"
"ACRConnectedClientList","Reference for ACRConnectedClientList table in Azure Monitor Logs.","Audit, Azure Resources","","","LogManagement","microsoft.cache/redis","","Yes","No","No","Yes","No","No","https://learn.microsoft.com/en-us/azure/azure-monitor/reference/tables/acrconnectedclientlist","","Yes","Yes","No","Yes"
"ACREntraAuthenticationAuditLog","Reference for ACREntraAuthenticationAuditLog table in Azure Monitor Logs.","Audit, Azure Resources","","","LogManagement","microsoft.cache/redis","","Yes","No","No","Yes","No","No","https://learn.microsoft.com/en-us/azure/azure-monitor/reference/tables/acrentraauthenticationauditlog","","Yes","Yes","No","Yes"
"ACSAdvancedMessagingOperations","Reference for ACSAdvancedMessagingOperations table in Azure Monitor Logs.","Azure Resources","","","LogManagement","microsoft.communication/communicationservices","","Yes","No","No","Yes","No","No","https://learn.microsoft.com/en-us/azure/azure-monitor/reference/tables/acsadvancedmessagingoperations","","Yes","Yes","No","Yes"
"ACSAuthIncomingOperations","Reference for ACSAuthIncomingOperations table in Azure Monitor Logs.","Azure Resources","","","LogManagement","microsoft.communication/communicationservices","","Yes","No","No","Yes","No","No","https://learn.microsoft.com/en-us/azure/azure-monitor/reference/tables/acsauthincomingoperations","","No","Yes","No","Yes"
"ACSBillingUsage","Reference for ACSBillingUsage table in Azure Monitor Logs.","Azure Resources","","","LogManagement","microsoft.communication/communicationservices","","Yes","No","No","Yes","No","No","https://learn.microsoft.com/en-us/azure/azure-monitor/reference/tables/acsbillingusage","","No","Yes","No","Yes"
"ACSCallAutomationIncomingOperations","Reference for ACSCallAutomationIncomingOperations table in Azure Monitor Logs.","Azure Resources","","","LogManagement","microsoft.communication/communicationservices","","Yes","No","No","Yes","No","No","https://learn.microsoft.com/en-us/azure/azure-monitor/reference/tables/acscallautomationincomingoperations","","Yes","Yes","No","Yes"
"ACSCallAutomationMediaSummary","Reference for ACSCallAutomationMediaSummary table in Azure Monitor Logs.","Azure Resources","","","LogManagement","microsoft.communication/communicationservices","","Yes","No","No","Yes","No","No","https://learn.microsoft.com/en-us/azure/azure-monitor/reference/tables/acscallautomationmediasummary","","Yes","Yes","No","Yes"
"ACSCallAutomationStreamingUsage","Reference for ACSCallAutomationStreamingUsage table in Azure Monitor Logs.","Azure Resources","","","LogManagement","microsoft.communication/communicationservices","","Yes","No","No","Yes","No","No","https://learn.microsoft.com/en-us/azure/azure-monitor/reference/tables/acscallautomationstreamingusage","","Yes","Yes","No","Yes"
"ACSCallClientMediaStatsTimeSeries","Reference for ACSCallClientMediaStatsTimeSeries table in Azure Monitor Logs.","Azure Resources","","","LogManagement","microsoft.communication/communicationservices","","Yes","No","No","Yes","No","No","https://learn.microsoft.com/en-us/azure/azure-monitor/reference/tables/acscallclientmediastatstimeseries","","Yes","Yes","No","Yes"
"ACSCallClientOperations","Reference for ACSCallClientOperations table in Azure Monitor Logs.","Azure Resources","","","LogManagement","microsoft.communication/communicationservices","","Yes","No","No","Yes","No","No","https://learn.microsoft.com/en-us/azure/azure-monitor/reference/tables/acscallclientoperations","","Yes","Yes","No","Yes"
"ACSCallClientServiceRequestAndOutcome","Reference for ACSCallClientServiceRequestAndOutcome table in Azure Monitor Logs.","Azure Resources","","","LogManagement","microsoft.communication/communicationservices","","Yes","No","No","Yes","No","No","https://learn.microsoft.com/en-us/azure/azure-monitor/reference/tables/acscallclientservicerequestandoutcome","","Yes","Yes","No","Yes"
"ACSCallClosedCaptionsSummary","Reference for ACSCallClosedCaptionsSummary table in Azure Monitor Logs.","Azure Resources","","","LogManagement","microsoft.communication/communicationservices","","Yes","No","No","Yes","No","No","https://learn.microsoft.com/en-us/azure/azure-monitor/reference/tables/acscallclosedcaptionssummary","","Yes","Yes","No","Yes"
"ACSCallDiagnostics","Reference for ACSCallDiagnostics table in Azure Monitor Logs.","Azure Resources","","","LogManagement","microsoft.communication/communicationservices","","Yes","No","No","Yes","No","No","https://learn.microsoft.com/en-us/azure/azure-monitor/reference/tables/acscalldiagnostics","","Yes","Yes","No","Yes"
"ACSCallDiagnosticsUpdates","Reference for ACSCallDiagnosticsUpdates table in Azure Monitor Logs.","Azure Resources","","","LogManagement","microsoft.communication/communicationservices","","Yes","No","No","Yes","No","No","https://learn.microsoft.com/en-us/azure/azure-monitor/reference/tables/acscalldiagnosticsupdates","","Yes","Yes","No","Yes"
"ACSCallRecordingIncomingOperations","Reference for ACSCallRecordingIncomingOperations table in Azure Monitor Logs.","Azure Resources","","","LogManagement","microsoft.communication/communicationservices","","Yes","No","No","Yes","No","No","https://learn.microsoft.com/en-us/azure/azure-monitor/reference/tables/acscallrecordingincomingoperations","","Yes","Yes","No","Yes"
"ACSCallRecordingSummary","Reference for ACSCallRecordingSummary table in Azure Monitor Logs.","Azure Resources","","","LogManagement","microsoft.communication/communicationservices","","Yes","No","No","Yes","No","No","https://learn.microsoft.com/en-us/azure/azure-monitor/reference/tables/acscallrecordingsummary","","Yes","Yes","No","Yes"
"ACSCallSummary","Reference for ACSCallSummary table in Azure Monitor Logs.","Azure Resources","","","LogManagement","microsoft.communication/communicationservices","","Yes","No","No","Yes","No","No","https://learn.microsoft.com/en-us/azure/azure-monitor/reference/tables/acscallsummary","","Yes","Yes","No","Yes"
"ACSCallSummaryUpdates","Reference for ACSCallSummaryUpdates table in Azure Monitor Logs.","Azure Resources","","","LogManagement","microsoft.communication/communicationservices","","Yes","No","No","Yes","No","No","https://learn.microsoft.com/en-us/azure/azure-monitor/reference/tables/acscallsummaryupdates","","Yes","Yes","No","Yes"
"ACSCallSurvey","Reference for ACSCallSurvey table in Azure Monitor Logs.","Azure Resources","","","LogManagement","microsoft.communication/communicationservices","","Yes","No","No","Yes","No","No","https://learn.microsoft.com/en-us/azure/azure-monitor/reference/tables/acscallsurvey","","No","Yes","No","Yes"
"ACSCallingMetrics","Reference for ACSCallingMetrics table in Azure Monitor Logs.","Azure Resources","","","LogManagement","microsoft.communication/communicationservices","","Yes","No","No","Yes","No","No","https://learn.microsoft.com/en-us/azure/azure-monitor/reference/tables/acscallingmetrics","","Yes","Yes","No","Yes"
"ACSChatIncomingOperations","Reference for ACSChatIncomingOperations table in Azure Monitor Logs.","Azure Resources","","","LogManagement","microsoft.communication/communicationservices","","Yes","No","No","Yes","No","No","https://learn.microsoft.com/en-us/azure/azure-monitor/reference/tables/acschatincomingoperations","","No","Yes","No","Yes"
"ACSEmailSendMailOperational","Reference for ACSEmailSendMailOperational table in Azure Monitor Logs.","Azure Resources","","","LogManagement","microsoft.communication/communicationservices","","Yes","No","No","Yes","No","No","https://learn.microsoft.com/en-us/azure/azure-monitor/reference/tables/acsemailsendmailoperational","","No","Yes","No","Yes"
"ACSEmailStatusUpdateOperational","Reference for ACSEmailStatusUpdateOperational table in Azure Monitor Logs.","Azure Resources","","","LogManagement","microsoft.communication/communicationservices","","Yes","No","No","Yes","No","No","https://learn.microsoft.com/en-us/azure/azure-monitor/reference/tables/acsemailstatusupdateoperational","","No","Yes","No","Yes"
"ACSEmailUserEngagementOperational","Reference for ACSEmailUserEngagementOperational table in Azure Monitor Logs.","Azure Resources","","","LogManagement","microsoft.communication/communicationservices","","Yes","No","No","Yes","No","No","https://learn.microsoft.com/en-us/azure/azure-monitor/reference/tables/acsemailuserengagementoperational","","No","Yes","No","Yes"
"ACSJobRouterIncomingOperations","Reference for ACSJobRouterIncomingOperations table in Azure Monitor Logs.","Azure Resources","","","LogManagement","microsoft.communication/communicationservices","","Yes","No","No","Yes","No","No","https://learn.microsoft.com/en-us/azure/azure-monitor/reference/tables/acsjobrouterincomingoperations","","Yes","Yes","No","Yes"
"ACSOptOutManagementOperations","Reference for ACSOptOutManagementOperations table in Azure Monitor Logs.","Azure Resources","","","LogManagement","microsoft.communication/communicationservices","","Yes","No","No","Yes","No","No","https://learn.microsoft.com/en-us/azure/azure-monitor/reference/tables/acsoptoutmanagementoperations","","Yes","Yes","No","Yes"
"ACSRoomsIncomingOperations","Reference for ACSRoomsIncomingOperations table in Azure Monitor Logs.","Azure Resources","","","LogManagement","microsoft.communication/communicationservices","","Yes","No","No","Yes","No","No","https://learn.microsoft.com/en-us/azure/azure-monitor/reference/tables/acsroomsincomingoperations","","Yes","Yes","No","Yes"
"ACSSMSIncomingOperations","Reference for ACSSMSIncomingOperations table in Azure Monitor Logs.","Azure Resources","","","LogManagement","microsoft.communication/communicationservices","","Yes","No","No","Yes","No","No","https://learn.microsoft.com/en-us/azure/azure-monitor/reference/tables/acssmsincomingoperations","","Yes","Yes","No","Yes"
"ADAssessmentRecommendation","Reference for ADAssessmentRecommendation table in Azure Monitor Logs.","Workloads","","AMA","ADAssessment, ADAssessmentPlus, AzureResources","microsoft.compute/virtualmachines, microsoft.conenctedvmwarevsphere/virtualmachines, microsoft.azurestackhci/virtualmachines, microsoft.scvmm/virtualmachines","","Yes","No","No","Yes","Yes","No","https://learn.microsoft.com/en-us/azure/azure-monitor/reference/tables/adassessmentrecommendation","","No","Yes","Yes","No"
"ADFActivityRun","Reference for ADFActivityRun table in Azure Monitor Logs.","Azure Resources","","","LogManagement","microsoft.datafactory/factories","","Yes","No","No","Yes","No","No","https://learn.microsoft.com/en-us/azure/azure-monitor/reference/tables/adfactivityrun","","No","Yes","No","No"
"ADFAirflowSchedulerLogs","Reference for ADFAirflowSchedulerLogs table in Azure Monitor Logs.","-","","","LogManagement","-","","Yes","No","No","Yes","No","No","https://learn.microsoft.com/en-us/azure/azure-monitor/reference/tables/adfairflowschedulerlogs","","No","Yes","No","No"
"ADFAirflowTaskLogs","Reference for ADFAirflowTaskLogs table in Azure Monitor Logs.","-","","","LogManagement","-","","Yes","No","No","Yes","No","No","https://learn.microsoft.com/en-us/azure/azure-monitor/reference/tables/adfairflowtasklogs","","No","Yes","No","No"
"ADFAirflowWebLogs","Reference for ADFAirflowWebLogs table in Azure Monitor Logs.","-","","","LogManagement","-","","Yes","No","No","Yes","No","No","https://learn.microsoft.com/en-us/azure/azure-monitor/reference/tables/adfairflowweblogs","","No","Yes","No","No"
"ADFAirflowWorkerLogs","Reference for ADFAirflowWorkerLogs table in Azure Monitor Logs.","-","","","LogManagement","-","","Yes","No","No","Yes","No","No","https://learn.microsoft.com/en-us/azure/azure-monitor/reference/tables/adfairflowworkerlogs","","No","Yes","No","No"
"ADFPipelineRun","Reference for ADFPipelineRun table in Azure Monitor Logs.","Azure Resources","","","LogManagement","microsoft.datafactory/factories","","Yes","No","No","Yes","No","No","https://learn.microsoft.com/en-us/azure/azure-monitor/reference/tables/adfpipelinerun","","No","Yes","No","No"
"ADFSSISIntegrationRuntimeLogs","Reference for ADFSSISIntegrationRuntimeLogs table in Azure Monitor Logs.","-","","","LogManagement","microsoft.datafactory/factories","","Yes","No","No","Yes","No","No","https://learn.microsoft.com/en-us/azure/azure-monitor/reference/tables/adfssisintegrationruntimelogs","","No","Yes","No","No"
"ADFSSISPackageEventMessageContext","Reference for ADFSSISPackageEventMessageContext table in Azure Monitor Logs.","-","","","LogManagement","microsoft.datafactory/factories","","Yes","No","No","Yes","No","No","https://learn.microsoft.com/en-us/azure/azure-monitor/reference/tables/adfssispackageeventmessagecontext","","No","Yes","No","No"
"ADFSSISPackageEventMessages","Reference for ADFSSISPackageEventMessages table in Azure Monitor Logs.","-","","","LogManagement","microsoft.datafactory/factories","","Yes","No","No","Yes","No","No","https://learn.microsoft.com/en-us/azure/azure-monitor/reference/tables/adfssispackageeventmessages","","No","Yes","No","No"
"ADFSSISPackageExecutableStatistics","Reference for ADFSSISPackageExecutableStatistics table in Azure Monitor Logs.","-","","","LogManagement","microsoft.datafactory/factories","","Yes","No","No","Yes","No","No","https://learn.microsoft.com/en-us/azure/azure-monitor/reference/tables/adfssispackageexecutablestatistics","","No","Yes","No","No"
"ADFSSISPackageExecutionComponentPhases","Reference for ADFSSISPackageExecutionComponentPhases table in Azure Monitor Logs.","-","","","LogManagement","microsoft.datafactory/factories","","Yes","No","No","Yes","No","No","https://learn.microsoft.com/en-us/azure/azure-monitor/reference/tables/adfssispackageexecutioncomponentphases","","No","Yes","No","No"
"ADFSSISPackageExecutionDataStatistics","Reference for ADFSSISPackageExecutionDataStatistics table in Azure Monitor Logs.","-","","","LogManagement","microsoft.datafactory/factories","","Yes","No","No","Yes","No","No","https://learn.microsoft.com/en-us/azure/azure-monitor/reference/tables/adfssispackageexecutiondatastatistics","","No","Yes","No","No"
"ADFSSignInLogs","Reference for ADFSSignInLogs table in Azure Monitor Logs.","Audit, Security","","","LogManagement","-","","Yes","No","No","Yes","No","Yes","https://learn.microsoft.com/en-us/azure/azure-monitor/reference/tables/adfssigninlogs","","Yes","Yes","No","Yes"
"ADFSandboxActivityRun","Reference for ADFSandboxActivityRun table in Azure Monitor Logs.","Azure Resources","","","LogManagement","microsoft.datafactory/factories","","Yes","No","No","Yes","No","No","https://learn.microsoft.com/en-us/azure/azure-monitor/reference/tables/adfsandboxactivityrun","","No","Yes","No","No"
"ADFSandboxPipelineRun","Reference for ADFSandboxPipelineRun table in Azure Monitor Logs.","Azure Resources","","","LogManagement","microsoft.datafactory/factories","","Yes","No","No","Yes","No","No","https://learn.microsoft.com/en-us/azure/azure-monitor/reference/tables/adfsandboxpipelinerun","","No","Yes","No","No"
"ADFTriggerRun","Reference for ADFTriggerRun table in Azure Monitor Logs.","Azure Resources","","","LogManagement","microsoft.datafactory/factories","","Yes","No","No","Yes","No","No","https://learn.microsoft.com/en-us/azure/azure-monitor/reference/tables/adftriggerrun","","No","Yes","No","Yes"
"ADGSyslogEvent","Reference for ADGSyslogEvent table in Azure Monitor Logs.","Azure Resources","","","LogManagement","microsoft.network/networkvirtualappliances","","Yes","No","No","Yes","No","No","https://learn.microsoft.com/en-us/azure/azure-monitor/reference/tables/adgsyslogevent","","No","No","No","No"
"ADOAuditLogs_CL","","","","","","","","No","No","No","No","No","Yes","","","","Yes","Yes","Yes"
"ADReplicationResult","Reference for ADReplicationResult table in Azure Monitor Logs.","Workloads","","","ADReplication, AzureResources","microsoft.compute/virtualmachines, microsoft.conenctedvmwarevsphere/virtualmachines, microsoft.azurestackhci/virtualmachines, microsoft.scvmm/virtualmachines","","Yes","No","No","Yes","No","No","https://learn.microsoft.com/en-us/azure/azure-monitor/reference/tables/adreplicationresult","","No","Yes","No","No"
"ADSecurityAssessmentRecommendation","Reference for ADSecurityAssessmentRecommendation table in Azure Monitor Logs.","Workloads","","","ADSecurityAssessment, AzureResources","-","","Yes","No","No","Yes","Yes","No","https://learn.microsoft.com/en-us/azure/azure-monitor/reference/tables/adsecurityassessmentrecommendation","","No","Yes","Yes","No"
"ADTDataHistoryOperation","Reference for ADTDataHistoryOperation table in Azure Monitor Logs.","Azure Resources","","","LogManagement","microsoft.digitaltwins/digitaltwinsinstances","","Yes","No","No","Yes","No","No","https://learn.microsoft.com/en-us/azure/azure-monitor/reference/tables/adtdatahistoryoperation","","No","Yes","No","No"
"ADTDigitalTwinsOperation","Reference for ADTDigitalTwinsOperation table in Azure Monitor Logs.","Azure Resources","","","LogManagement","microsoft.digitaltwins/digitaltwinsinstances","","Yes","No","No","Yes","No","No","https://learn.microsoft.com/en-us/azure/azure-monitor/reference/tables/adtdigitaltwinsoperation","","No","Yes","No","No"
"ADTEventRoutesOperation","Reference for ADTEventRoutesOperation table in Azure Monitor Logs.","Azure Resources","","","LogManagement","microsoft.digitaltwins/digitaltwinsinstances","","Yes","No","No","Yes","No","No","https://learn.microsoft.com/en-us/azure/azure-monitor/reference/tables/adteventroutesoperation","","No","No","No","No"
"ADTModelsOperation","Reference for ADTModelsOperation table in Azure Monitor Logs.","Azure Resources","","","LogManagement","microsoft.digitaltwins/digitaltwinsinstances","","Yes","No","No","Yes","No","No","https://learn.microsoft.com/en-us/azure/azure-monitor/reference/tables/adtmodelsoperation","","No","Yes","No","No"
"ADTQueryOperation","Reference for ADTQueryOperation table in Azure Monitor Logs.","Azure Resources","","","LogManagement","microsoft.digitaltwins/digitaltwinsinstances","","Yes","No","No","Yes","No","No","https://learn.microsoft.com/en-us/azure/azure-monitor/reference/tables/adtqueryoperation","","No","Yes","No","No"
"ADXCommand","Reference for ADXCommand table in Azure Monitor Logs.","-","","","LogManagement","microsoft.kusto/clusters","","Yes","No","No","Yes","No","No","https://learn.microsoft.com/en-us/azure/azure-monitor/reference/tables/adxcommand","","No","Yes","No","No"
"ADXDataOperation","Reference for ADXDataOperation table in Azure Monitor Logs.","-","","","LogManagement","-","","Yes","No","No","Yes","No","No","https://learn.microsoft.com/en-us/azure/azure-monitor/reference/tables/adxdataoperation","","No","No","No","No"
"ADXIngestionBatching","Reference for ADXIngestionBatching table in Azure Monitor Logs.","-","","","LogManagement","microsoft.kusto/clusters","","Yes","No","No","Yes","No","No","https://learn.microsoft.com/en-us/azure/azure-monitor/reference/tables/adxingestionbatching","","No","No","No","No"
"ADXJournal","Reference for ADXJournal table in Azure Monitor Logs.","Azure Resources","","","LogManagement","microsoft.kusto/clusters","","Yes","No","No","Yes","No","No","https://learn.microsoft.com/en-us/azure/azure-monitor/reference/tables/adxjournal","","No","Yes","No","No"
"ADXQuery","Reference for ADXQuery table in Azure Monitor Logs.","-","","","LogManagement","microsoft.kusto/clusters","","Yes","No","No","Yes","No","No","https://learn.microsoft.com/en-us/azure/azure-monitor/reference/tables/adxquery","","No","Yes","No","No"
"ADXTableDetails","Reference for ADXTableDetails table in Azure Monitor Logs.","Azure Resources","","","LogManagement","microsoft.kusto/clusters","","Yes","No","No","Yes","No","No","https://learn.microsoft.com/en-us/azure/azure-monitor/reference/tables/adxtabledetails","","No","Yes","No","No"
"ADXTableUsageStatistics","Reference for ADXTableUsageStatistics table in Azure Monitor Logs.","-","","","LogManagement","microsoft.kusto/clusters","","Yes","No","No","Yes","No","No","https://learn.microsoft.com/en-us/azure/azure-monitor/reference/tables/adxtableusagestatistics","","No","Yes","No","No"
"AEWAssignmentBlobLogs","Reference for AEWAssignmentBlobLogs table in Azure Monitor Logs.","Audit, Azure Resources","","","LogManagement","microsoft.experimentation/experimentworkspaces","","Yes","No","No","Yes","No","No","https://learn.microsoft.com/en-us/azure/azure-monitor/reference/tables/aewassignmentbloblogs","","No","Yes","No","No"
"AEWAuditLogs","Reference for AEWAuditLogs table in Azure Monitor Logs.","Audit, Azure Resources","","","LogManagement","microsoft.experimentation/experimentworkspaces","","Yes","No","No","Yes","No","No","https://learn.microsoft.com/en-us/azure/azure-monitor/reference/tables/aewauditlogs","","No","Yes","No","No"
"AEWComputePipelinesLogs","Reference for AEWComputePipelinesLogs table in Azure Monitor Logs.","Audit, Azure Resources","","","LogManagement","microsoft.experimentation/experimentworkspaces","","Yes","No","No","Yes","No","No","https://learn.microsoft.com/en-us/azure/azure-monitor/reference/tables/aewcomputepipelineslogs","","No","Yes","No","No"
"AEWExperimentAssignmentSummary","Reference for AEWExperimentAssignmentSummary table in Azure Monitor Logs.","Applications","","","LogManagement","microsoft.experimentation/experimentworkspaces","","Yes","No","No","Yes","No","No","https://learn.microsoft.com/en-us/azure/azure-monitor/reference/tables/aewexperimentassignmentsummary","","Yes","Yes","No","Yes"
"AEWExperimentScorecardMetricPairs","Reference for AEWExperimentScorecardMetricPairs table in Azure Monitor Logs.","Applications","","","LogManagement","microsoft.experimentation/experimentworkspaces","","Yes","No","No","Yes","No","No","https://learn.microsoft.com/en-us/azure/azure-monitor/reference/tables/aewexperimentscorecardmetricpairs","","Yes","Yes","No","Yes"
"AEWExperimentScorecards","Reference for AEWExperimentScorecards table in Azure Monitor Logs.","Applications","","","LogManagement","microsoft.experimentation/experimentworkspaces","","Yes","No","No","Yes","No","No","https://learn.microsoft.com/en-us/azure/azure-monitor/reference/tables/aewexperimentscorecards","","Yes","Yes","No","Yes"
"AFSAuditLogs","Reference for AFSAuditLogs table in Azure Monitor Logs.","Audit, Azure Resources","","","LogManagement","microsoft.storagecache/amlfilesytems","","Yes","No","No","Yes","No","No","https://learn.microsoft.com/en-us/azure/azure-monitor/reference/tables/afsauditlogs","","Yes","Yes","No","Yes"
"AGCAccessLogs","Reference for AGCAccessLogs table in Azure Monitor Logs.","Azure Resources, Network","","","LogManagement","microsoft.servicenetworking/trafficcontrollers","","Yes","No","No","Yes","No","No","https://learn.microsoft.com/en-us/azure/azure-monitor/reference/tables/agcaccesslogs","","Yes","Yes","No","Yes"
"AGCFirewallLogs","Reference for AGCFirewallLogs table in Azure Monitor Logs.","Audit, Azure Resources, Network","","","LogManagement","microsoft.servicenetworking/trafficcontrollers","","Yes","No","No","Yes","No","No","https://learn.microsoft.com/en-us/azure/azure-monitor/reference/tables/agcfirewalllogs","","Yes","No","No","Yes"
"AGSGrafanaLoginEvents","Reference for AGSGrafanaLoginEvents table in Azure Monitor Logs.","Audit, Azure Resources","","","LogManagement","microsoft.dashboard/grafana","","Yes","No","No","Yes","No","No","https://learn.microsoft.com/en-us/azure/azure-monitor/reference/tables/agsgrafanaloginevents","","No","Yes","No","No"
"AGSGrafanaUsageInsightsEvents","Reference for AGSGrafanaUsageInsightsEvents table in Azure Monitor Logs.","Audit, Azure Resources","","","LogManagement","microsoft.dashboard/grafana","","Yes","No","No","Yes","No","No","https://learn.microsoft.com/en-us/azure/azure-monitor/reference/tables/agsgrafanausageinsightsevents","","No","Yes","No","No"
"AGSUpdateEvents","Reference for AGSUpdateEvents table in Azure Monitor Logs.","Audit, Azure Resources","","","LogManagement","microsoft.dashboard/dashboard","","Yes","No","No","Yes","No","No","https://learn.microsoft.com/en-us/azure/azure-monitor/reference/tables/agsupdateevents","","Yes","No","No","No"
"AGWAccessLogs","Reference for AGWAccessLogs table in Azure Monitor Logs.","Audit, Azure Resources, Network","","","LogManagement","microsoft.network/applicationgateways","","Yes","No","No","Yes","No","No","https://learn.microsoft.com/en-us/azure/azure-monitor/reference/tables/agwaccesslogs","","Yes","Yes","No","Yes"
"AGWFirewallLogs","Reference for AGWFirewallLogs table in Azure Monitor Logs.","Audit, Azure Resources, Network","","","LogManagement","microsoft.network/applicationgateways","","Yes","No","No","Yes","No","No","https://learn.microsoft.com/en-us/azure/azure-monitor/reference/tables/agwfirewalllogs","","Yes","Yes","No","Yes"
"AGWPerformanceLogs","Reference for AGWPerformanceLogs table in Azure Monitor Logs.","Audit, Azure Resources, Network","","","LogManagement","microsoft.network/applicationgateways","","Yes","No","No","Yes","No","No","https://learn.microsoft.com/en-us/azure/azure-monitor/reference/tables/agwperformancelogs","","Yes","Yes","No","Yes"
"AHCIDiagnosticLogs","Reference for AHCIDiagnosticLogs table in Azure Monitor Logs.","Azure Resources","","","LogManagement","microsoft.healthcareinterop/workspaces","","Yes","No","No","Yes","No","No","https://learn.microsoft.com/en-us/azure/azure-monitor/reference/tables/ahcidiagnosticlogs","","Yes","No","No","Yes"
"AHDSDeidAuditLogs","Reference for AHDSDeidAuditLogs table in Azure Monitor Logs.","Audit, Azure Resources","","","LogManagement","microsoft.healthdataaiservices/deidservices","","Yes","No","No","Yes","No","No","https://learn.microsoft.com/en-us/azure/azure-monitor/reference/tables/ahdsdeidauditlogs","","Yes","Yes","No","Yes"
"AHDSDicomAuditLogs","Reference for AHDSDicomAuditLogs table in Azure Monitor Logs.","Audit, Azure Resources","","","LogManagement","microsoft.healthcareapis/workspaces","","Yes","No","No","Yes","No","No","https://learn.microsoft.com/en-us/azure/azure-monitor/reference/tables/ahdsdicomauditlogs","","Yes","Yes","No","Yes"
"AHDSDicomDiagnosticLogs","Reference for AHDSDicomDiagnosticLogs table in Azure Monitor Logs.","Azure Resources","","","LogManagement","microsoft.healthcareapis/workspaces","","Yes","No","No","Yes","No","No","https://learn.microsoft.com/en-us/azure/azure-monitor/reference/tables/ahdsdicomdiagnosticlogs","","Yes","Yes","No","Yes"
"AHDSMedTechDiagnosticLogs","Reference for AHDSMedTechDiagnosticLogs table in Azure Monitor Logs.","Azure Resources","","","LogManagement","microsoft.healthcareapis/workspaces","","Yes","No","No","Yes","No","No","https://learn.microsoft.com/en-us/azure/azure-monitor/reference/tables/ahdsmedtechdiagnosticlogs","","Yes","Yes","No","Yes"
"AIAgentsInfo","Information about AI agents created with Microsoft Copilot Studio, including agent configuration and ownership details","XDR","","","","","","No","Yes","Yes","No","No","No","","https://learn.microsoft.com/en-us/defender-xdr/advanced-hunting-aiagentsinfo-table","","","No",""
"AIShield_CL","","","","","","","","No","No","No","No","No","Yes","","","","No","Yes","No"
"AKSAudit","Reference for AKSAudit table in Azure Monitor Logs.","Audit, Azure Resources, Containers","","","LogManagement","microsoft.containerservice/managedclusters","","Yes","No","No","Yes","No","No","https://learn.microsoft.com/en-us/azure/azure-monitor/reference/tables/aksaudit","","Yes","Yes","No","Yes"
"AKSAuditAdmin","Reference for AKSAuditAdmin table in Azure Monitor Logs.","Audit, Azure Resources, Containers","","","LogManagement","microsoft.containerservice/managedclusters","","Yes","No","No","Yes","No","No","https://learn.microsoft.com/en-us/azure/azure-monitor/reference/tables/aksauditadmin","","Yes","Yes","No","Yes"
"AKSControlPlane","Reference for AKSControlPlane table in Azure Monitor Logs.","Azure Resources, Containers","","","LogManagement","microsoft.containerservice/managedclusters","","Yes","No","No","Yes","No","No","https://learn.microsoft.com/en-us/azure/azure-monitor/reference/tables/akscontrolplane","","Yes","Yes","No","Yes"
"ALBHealthEvent","Reference for ALBHealthEvent table in Azure Monitor Logs.","Azure Monitor, Azure Resources","","","LogManagement","microsoft.network/loadbalancers","","Yes","No","No","Yes","No","No","https://learn.microsoft.com/en-us/azure/azure-monitor/reference/tables/albhealthevent","","Yes","Yes","No","Yes"
"AMAHealth","Reference for AMAHealth table in Azure Monitor Logs.","IT & Management Tools, Virtual Machines","","","LogManagement","microsoft.compute/virtualmachines/extensions","","Yes","No","No","Yes","No","No","https://learn.microsoft.com/en-us/azure/azure-monitor/reference/tables/amahealth","","Yes","No","No","Yes"
"AMSKeyDeliveryRequests","Reference for AMSKeyDeliveryRequests table in Azure Monitor Logs.","Audit, Azure Resources","","","LogManagement","microsoft.media/mediaservices","","Yes","No","No","Yes","No","No","https://learn.microsoft.com/en-us/azure/azure-monitor/reference/tables/amskeydeliveryrequests","","Yes","Yes","No","Yes"
"AMSLiveEventOperations","Reference for AMSLiveEventOperations table in Azure Monitor Logs.","Audit, Azure Resources","","","LogManagement","microsoft.media/mediaservices","","Yes","No","No","Yes","No","No","https://learn.microsoft.com/en-us/azure/azure-monitor/reference/tables/amsliveeventoperations","","Yes","Yes","No","Yes"
"AMSMediaAccountHealth","Reference for AMSMediaAccountHealth table in Azure Monitor Logs.","Audit, Azure Resources","","","LogManagement","microsoft.media/mediaservices","","Yes","No","No","Yes","No","No","https://learn.microsoft.com/en-us/azure/azure-monitor/reference/tables/amsmediaaccounthealth","","Yes","Yes","No","Yes"
"AMSStreamingEndpointRequests","Reference for AMSStreamingEndpointRequests table in Azure Monitor Logs.","Audit, Azure Resources","","","LogManagement","microsoft.media/mediaservices","","Yes","No","No","Yes","No","No","https://learn.microsoft.com/en-us/azure/azure-monitor/reference/tables/amsstreamingendpointrequests","","Yes","Yes","No","Yes"
"AMWMetricsUsageDetails","Reference for AMWMetricsUsageDetails table in Azure Monitor Logs.","Azure Monitor, Azure Resources","","","LogManagement","microsoft.monitor/accounts","","Yes","No","No","Yes","No","No","https://learn.microsoft.com/en-us/azure/azure-monitor/reference/tables/amwmetricsusagedetails","","Yes","Yes","No","No"
"ANFTopClientReadIOPS","Reference for ANFTopClientReadIOPS table in Azure Monitor Logs.","Azure Resources","","","LogManagement","microsoft.netapp/netappaccounts/capacitypools","","Yes","No","No","Yes","No","No","https://learn.microsoft.com/en-us/azure/azure-monitor/reference/tables/anftopclientreadiops","","No","No","No","No"
"ANFTopClientWriteIOPS","Reference for ANFTopClientWriteIOPS table in Azure Monitor Logs.","Azure Resources","","","LogManagement","microsoft.netapp/netappaccounts/capacitypools","","Yes","No","No","Yes","No","No","https://learn.microsoft.com/en-us/azure/azure-monitor/reference/tables/anftopclientwriteiops","","No","No","No","No"
"ANFTopFileReadIOPS","Reference for ANFTopFileReadIOPS table in Azure Monitor Logs.","Azure Resources","","","LogManagement","microsoft.netapp/netappaccounts/capacitypools","","Yes","No","No","Yes","No","No","https://learn.microsoft.com/en-us/azure/azure-monitor/reference/tables/anftopfilereadiops","","No","No","No","No"
"ANFTopFileWriteIOPS","Reference for ANFTopFileWriteIOPS table in Azure Monitor Logs.","Azure Resources","","","LogManagement","microsoft.netapp/netappaccounts/capacitypools","","Yes","No","No","Yes","No","No","https://learn.microsoft.com/en-us/azure/azure-monitor/reference/tables/anftopfilewriteiops","","No","No","No","No"
"AOIDatabaseQuery","Reference for AOIDatabaseQuery table in Azure Monitor Logs.","Audit, Azure Resources","","","LogManagement","microsoft.networkanalytics/dataproducts","","Yes","No","No","Yes","No","No","https://learn.microsoft.com/en-us/azure/azure-monitor/reference/tables/aoidatabasequery","","Yes","Yes","No","Yes"
"AOIDigestion","Reference for AOIDigestion table in Azure Monitor Logs.","-","","","LogManagement","microsoft.networkanalytics/dataproducts","","Yes","No","No","Yes","No","No","https://learn.microsoft.com/en-us/azure/azure-monitor/reference/tables/aoidigestion","","Yes","Yes","No","Yes"
"AOIStorage","Reference for AOIStorage table in Azure Monitor Logs.","Audit, Azure Resources","","","LogManagement","microsoft.networkanalytics/dataproducts","","Yes","No","No","Yes","No","No","https://learn.microsoft.com/en-us/azure/azure-monitor/reference/tables/aoistorage","","Yes","Yes","No","Yes"
"APIMDevPortalAuditDiagnosticLog","Reference for APIMDevPortalAuditDiagnosticLog table in Azure Monitor Logs.","-","","","LogManagement","microsoft.apimanagement/service","","Yes","No","No","Yes","No","No","https://learn.microsoft.com/en-us/azure/azure-monitor/reference/tables/apimdevportalauditdiagnosticlog","","Yes","Yes","No","Yes"
"ARGOS_CL","","","","","","","","No","No","No","No","No","Yes","","","","No","Yes","No"
"ASCAuditLogs","Reference for ASCAuditLogs table in Azure Monitor Logs.","Audit, Azure Resources","","","LogManagement","microsoft.azuresphere/catalogs","","Yes","No","No","Yes","No","No","https://learn.microsoft.com/en-us/azure/azure-monitor/reference/tables/ascauditlogs","","Yes","Yes","No","Yes"
"ASCDeviceEvents","Reference for ASCDeviceEvents table in Azure Monitor Logs.","Audit, Azure Resources","","","LogManagement","microsoft.azuresphere/catalogs","","Yes","No","No","Yes","No","No","https://learn.microsoft.com/en-us/azure/azure-monitor/reference/tables/ascdeviceevents","","Yes","Yes","No","No"
"ASRJobs","Reference for ASRJobs table in Azure Monitor Logs.","Audit","","","LogManagement","microsoft.recoveryservices/vaults","","Yes","No","No","Yes","No","No","https://learn.microsoft.com/en-us/azure/azure-monitor/reference/tables/asrjobs","","No","Yes","No","No"
"ASRReplicatedItems","Reference for ASRReplicatedItems table in Azure Monitor Logs.","Audit","","","LogManagement","microsoft.recoveryservices/vaults","","Yes","No","No","Yes","No","No","https://learn.microsoft.com/en-us/azure/azure-monitor/reference/tables/asrreplicateditems","","No","Yes","No","No"
"ASRv2HealthEvents","Reference for ASRv2HealthEvents table in Azure Monitor Logs.","Audit","","","LogManagement","microsoft.datareplication/replicationvaults","","Yes","No","No","Yes","No","No","https://learn.microsoft.com/en-us/azure/azure-monitor/reference/tables/asrv2healthevents","","Yes","Yes","No","Yes"
"ASRv2JobEvents","Reference for ASRv2JobEvents table in Azure Monitor Logs.","Audit","","","LogManagement","microsoft.datareplication/replicationvaults","","Yes","No","No","Yes","No","No","https://learn.microsoft.com/en-us/azure/azure-monitor/reference/tables/asrv2jobevents","","Yes","Yes","No","Yes"
"ASRv2ProtectedItems","Reference for ASRv2ProtectedItems table in Azure Monitor Logs.","Audit","","","LogManagement","microsoft.datareplication/replicationvaults","","Yes","No","No","Yes","No","No","https://learn.microsoft.com/en-us/azure/azure-monitor/reference/tables/asrv2protecteditems","","Yes","Yes","No","Yes"
"ASRv2ReplicationExtensions","Reference for ASRv2ReplicationExtensions table in Azure Monitor Logs.","Audit","","","LogManagement","microsoft.datareplication/replicationvaults","","Yes","No","No","Yes","No","No","https://learn.microsoft.com/en-us/azure/azure-monitor/reference/tables/asrv2replicationextensions","","Yes","Yes","No","Yes"
"ASRv2ReplicationPolicies","Reference for ASRv2ReplicationPolicies table in Azure Monitor Logs.","Audit","","","LogManagement","microsoft.datareplication/replicationvaults","","Yes","No","No","Yes","No","No","https://learn.microsoft.com/en-us/azure/azure-monitor/reference/tables/asrv2replicationpolicies","","Yes","Yes","No","Yes"
"ASRv2ReplicationVaults","Reference for ASRv2ReplicationVaults table in Azure Monitor Logs.","Audit","","","LogManagement","microsoft.datareplication/replicationvaults","","Yes","No","No","Yes","No","No","https://learn.microsoft.com/en-us/azure/azure-monitor/reference/tables/asrv2replicationvaults","","Yes","Yes","No","Yes"
"ASimAgentEventLogs","Reference for ASimAgentEventLogs table in Azure Monitor Logs.","Normalized","Various","","SecurityInsights","microsoft.securityinsights/agenteventnormalized","","Yes","No","No","Yes","Yes","No","https://learn.microsoft.com/en-us/azure/azure-monitor/reference/tables/asimagenteventlogs","","Yes","Yes","Yes","Yes"
"ASimAlertEventLogs","Reference for ASimAlertEventLogs table in Azure Monitor Logs.","Normalized","Various","","SecurityInsights","microsoft.securityinsights/alerteventnormalized","","Yes","No","No","Yes","Yes","No","https://learn.microsoft.com/en-us/azure/azure-monitor/reference/tables/asimalerteventlogs","","Yes","Yes","Yes","Yes"
"ASimAssetEntityLogs","Reference for ASimAssetEntityLogs table in Azure Monitor Logs.","Normalized","Various","","SecurityInsights","microsoft.securityinsights/assetentitynormalized","","Yes","No","No","Yes","Yes","No","https://learn.microsoft.com/en-us/azure/azure-monitor/reference/tables/asimassetentitylogs","","Yes","Yes","Yes","Yes"
"ASimAuditEventLogs","Reference for ASimAuditEventLogs table in Azure Monitor Logs.","Normalized","Various","","SecurityInsights","microsoft.securityinsights/auditeventnormalized","","Yes","No","No","Yes","Yes","Yes","https://learn.microsoft.com/en-us/azure/azure-monitor/reference/tables/asimauditeventlogs","","Yes","Yes","Yes","Yes"
"ASimAuthenticationEventLogs","Reference for ASimAuthenticationEventLogs table in Azure Monitor Logs.","Normalized","Various","","SecurityInsights","microsoft.securityinsights/authenticationevent","","Yes","No","No","Yes","Yes","No","https://learn.microsoft.com/en-us/azure/azure-monitor/reference/tables/asimauthenticationeventlogs","","Yes","Yes","Yes","Yes"
"ASimDhcpEventLogs","Reference for ASimDhcpEventLogs table in Azure Monitor Logs.","Normalized","Various","","SecurityInsights","microsoft.securityinsights/asimtables","","Yes","No","No","Yes","Yes","No","https://learn.microsoft.com/en-us/azure/azure-monitor/reference/tables/asimdhcpeventlogs","","Yes","Yes","Yes","Yes"
"ASimDnsActivityLogs","Reference for ASimDnsActivityLogs table in Azure Monitor Logs.","Normalized","Various","","SecurityInsights","microsoft.securityinsights/dnsnormalized","","Yes","No","No","Yes","Yes","Yes","https://learn.microsoft.com/en-us/azure/azure-monitor/reference/tables/asimdnsactivitylogs","","Yes","Yes","Yes","Yes"
"ASimFileEventLogs","Reference for ASimFileEventLogs table in Azure Monitor Logs.","Normalized","Various","","SecurityInsights","microsoft.securityinsights/asimtables","","Yes","No","No","Yes","Yes","No","https://learn.microsoft.com/en-us/azure/azure-monitor/reference/tables/asimfileeventlogs","","Yes","Yes","Yes","Yes"
"ASimNetworkSessionLogs","Reference for ASimNetworkSessionLogs table in Azure Monitor Logs.","Normalized","Various","","SecurityInsights","microsoft.securityinsights/networksessionnormalized","","Yes","No","No","Yes","Yes","Yes","https://learn.microsoft.com/en-us/azure/azure-monitor/reference/tables/asimnetworksessionlogs","","Yes","Yes","Yes","Yes"
"ASimProcessEventLogs","Reference for ASimProcessEventLogs table in Azure Monitor Logs.","Normalized","Various","","SecurityInsights","microsoft.securityinsights/processeventnormalized","","Yes","No","No","Yes","Yes","No","https://learn.microsoft.com/en-us/azure/azure-monitor/reference/tables/asimprocesseventlogs","","Yes","Yes","Yes","Yes"
"ASimRegistryEventLogs","Reference for ASimRegistryEventLogs table in Azure Monitor Logs.","Normalized","Various","","SecurityInsights","microsoft.securityinsights/asimtables","","Yes","No","No","Yes","Yes","No","https://learn.microsoft.com/en-us/azure/azure-monitor/reference/tables/asimregistryeventlogs","","Yes","Yes","Yes","Yes"
"ASimUserManagementActivityLogs","Reference for ASimUserManagementActivityLogs table in Azure Monitor Logs.","Normalized","Various","","SecurityInsights","microsoft.securityinsights/asimtables","","Yes","No","No","Yes","Yes","No","https://learn.microsoft.com/en-us/azure/azure-monitor/reference/tables/asimusermanagementactivitylogs","","Yes","Yes","Yes","Yes"
"ASimWebSessionLogs","Reference for ASimWebSessionLogs table in Azure Monitor Logs.","Normalized","Various","","SecurityInsights","microsoft.securityinsights/websessionlogs","","Yes","No","No","Yes","Yes","No","https://learn.microsoft.com/en-us/azure/azure-monitor/reference/tables/asimwebsessionlogs","","Yes","Yes","Yes","Yes"
"ATCExpressRouteCircuitIpfix","Reference for ATCExpressRouteCircuitIpfix table in Azure Monitor Logs.","Azure Resources","","","LogManagement","microsoft.networkfunction/azuretrafficcollectors","","Yes","No","No","Yes","No","No","https://learn.microsoft.com/en-us/azure/azure-monitor/reference/tables/atcexpressroutecircuitipfix","","No","Yes","No","No"
"ATCMicrosoftPeeringMetadata","Reference for ATCMicrosoftPeeringMetadata table in Azure Monitor Logs.","Azure Resources","","","LogManagement","microsoft.networkfunction/azuretrafficcollectors","","Yes","No","No","Yes","No","No","https://learn.microsoft.com/en-us/azure/azure-monitor/reference/tables/atcmicrosoftpeeringmetadata","","No","Yes","No","No"
"ATCPrivatePeeringMetadata","Reference for ATCPrivatePeeringMetadata table in Azure Monitor Logs.","Azure Resources","","","LogManagement","microsoft.networkfunction/azuretrafficcollectors","","Yes","No","No","Yes","No","No","https://learn.microsoft.com/en-us/azure/azure-monitor/reference/tables/atcprivatepeeringmetadata","","No","Yes","No","No"
"AVNMConnectivityConfigurationChange","Reference for AVNMConnectivityConfigurationChange table in Azure Monitor Logs.","Audit, Azure Resources, Network","","","LogManagement","microsoft.network/networkmanagers","","Yes","No","No","Yes","No","No","https://learn.microsoft.com/en-us/azure/azure-monitor/reference/tables/avnmconnectivityconfigurationchange","","Yes","Yes","No","Yes"
"AVNMIPAMPoolAllocationChange","Reference for AVNMIPAMPoolAllocationChange table in Azure Monitor Logs.","Audit, Azure Resources, Network","","","LogManagement","microsoft.network/networkmanagers","","Yes","No","No","Yes","No","No","https://learn.microsoft.com/en-us/azure/azure-monitor/reference/tables/avnmipampoolallocationchange","","Yes","Yes","No","Yes"
"AVNMNetworkGroupMembershipChange","Reference for AVNMNetworkGroupMembershipChange table in Azure Monitor Logs.","Audit, Azure Resources, Network","","","LogManagement","microsoft.network/networkmanagers","","Yes","No","No","Yes","No","No","https://learn.microsoft.com/en-us/azure/azure-monitor/reference/tables/avnmnetworkgroupmembershipchange","","Yes","Yes","No","Yes"
"AVNMRuleCollectionChange","Reference for AVNMRuleCollectionChange table in Azure Monitor Logs.","Audit, Azure Resources, Network","","","LogManagement","microsoft.network/networkmanagers","","Yes","No","No","Yes","No","No","https://learn.microsoft.com/en-us/azure/azure-monitor/reference/tables/avnmrulecollectionchange","","Yes","Yes","No","Yes"
"AVSEsxiFirewallSyslog","Reference for AVSEsxiFirewallSyslog table in Azure Monitor Logs.","-","","","LogManagement","microsoft.avs/privateclouds","","Yes","No","No","Yes","No","No","https://learn.microsoft.com/en-us/azure/azure-monitor/reference/tables/avsesxifirewallsyslog","","Yes","Yes","No","Yes"
"AVSEsxiSyslog","Reference for AVSEsxiSyslog table in Azure Monitor Logs.","-","","","LogManagement","microsoft.avs/privateclouds","","Yes","No","No","Yes","No","No","https://learn.microsoft.com/en-us/azure/azure-monitor/reference/tables/avsesxisyslog","","Yes","Yes","No","Yes"
"AVSNsxEdgeSyslog","Reference for AVSNsxEdgeSyslog table in Azure Monitor Logs.","-","","","LogManagement","microsoft.avs/privateclouds","","Yes","No","No","Yes","No","No","https://learn.microsoft.com/en-us/azure/azure-monitor/reference/tables/avsnsxedgesyslog","","Yes","Yes","No","Yes"
"AVSNsxManagerSyslog","Reference for AVSNsxManagerSyslog table in Azure Monitor Logs.","-","","","LogManagement","microsoft.avs/privateclouds","","Yes","No","No","Yes","No","No","https://learn.microsoft.com/en-us/azure/azure-monitor/reference/tables/avsnsxmanagersyslog","","Yes","Yes","No","Yes"
"AVSSyslog","Reference for AVSSyslog table in Azure Monitor Logs.","-","","","LogManagement","microsoft.avs/privateclouds","","Yes","No","No","Yes","No","No","https://learn.microsoft.com/en-us/azure/azure-monitor/reference/tables/avssyslog","","Yes","Yes","No","Yes"
"AVSVcSyslog","Reference for AVSVcSyslog table in Azure Monitor Logs.","-","","","LogManagement","microsoft.avs/privateclouds","","Yes","No","No","Yes","No","No","https://learn.microsoft.com/en-us/azure/azure-monitor/reference/tables/avsvcsyslog","","Yes","Yes","No","Yes"
"AWSALBAccessLogs","Reference for AWSALBAccessLogs table in Azure Monitor Logs.","AWS","","","SecurityInsights","-","","Yes","No","No","Yes","Yes","No","https://learn.microsoft.com/en-us/azure/azure-monitor/reference/tables/awsalbaccesslogs","","Yes","Yes","Yes","Yes"
"AWSALBAccessLogsData","","AWS","","","","","","No","No","No","No","No","Yes","","","","No","No","No"
"AWSCloudFront_AccessLog_CL","","AWS","","","","","","No","No","No","No","No","Yes","","","","Yes","Yes","Yes"
"AWSCloudTrail","Reference for AWSCloudTrail table in Azure Monitor Logs.","AWS","","","SecurityInsights","-","","Yes","No","No","Yes","Yes","Yes","https://learn.microsoft.com/en-us/azure/azure-monitor/reference/tables/awscloudtrail","","Yes","Yes","Yes","Yes"
"AWSCloudWatch","Reference for AWSCloudWatch table in Azure Monitor Logs.","AWS","","","SecurityInsights","-","","Yes","No","No","Yes","Yes","Yes","https://learn.microsoft.com/en-us/azure/azure-monitor/reference/tables/awscloudwatch","","Yes","Yes","Yes","Yes"
"AWSEKSLogs","Reference for AWSEKSLogs table in Azure Monitor Logs.","AWS","","","SecurityInsights","-","","Yes","No","No","Yes","No","No","https://learn.microsoft.com/en-us/azure/azure-monitor/reference/tables/awsekslogs","","Yes","No","No","Yes"
"AWSEKSLogs_CL","","AWS","","","","","","No","No","No","No","No","Yes","","","","No","Yes","No"
"AWSELBFlowLogs","Reference for AWSELBFlowLogs table in Azure Monitor Logs.","AWS","","","SecurityInsights","-","","Yes","No","No","Yes","Yes","No","https://learn.microsoft.com/en-us/azure/azure-monitor/reference/tables/awselbflowlogs","","Yes","Yes","Yes","Yes"
"AWSGuardDuty","Reference for AWSGuardDuty table in Azure Monitor Logs.","AWS","","","SecurityInsights","-","","Yes","No","No","Yes","Yes","Yes","https://learn.microsoft.com/en-us/azure/azure-monitor/reference/tables/awsguardduty","","Yes","Yes","Yes","Yes"
"AWSNLBAccessLogs","Reference for AWSNLBAccessLogs table in Azure Monitor Logs.","AWS","","","SecurityInsights","-","","Yes","No","No","Yes","Yes","No","https://learn.microsoft.com/en-us/azure/azure-monitor/reference/tables/awsnlbaccesslogs","","Yes","Yes","Yes","Yes"
"AWSNetworkFirewallAlert","Reference for AWSNetworkFirewallAlert table in Azure Monitor Logs.","AWS","","","SecurityInsights","-","","Yes","No","No","Yes","Yes","No","https://learn.microsoft.com/en-us/azure/azure-monitor/reference/tables/awsnetworkfirewallalert","","Yes","Yes","Yes","Yes"
"AWSNetworkFirewallFlow","Reference for AWSNetworkFirewallFlow table in Azure Monitor Logs.","AWS","","","SecurityInsights","-","","Yes","No","No","Yes","Yes","Yes","https://learn.microsoft.com/en-us/azure/azure-monitor/reference/tables/awsnetworkfirewallflow","","Yes","Yes","Yes","Yes"
"AWSNetworkFirewallTls","Reference for AWSNetworkFirewallTls table in Azure Monitor Logs.","AWS","","","SecurityInsights","-","","Yes","No","No","Yes","Yes","No","https://learn.microsoft.com/en-us/azure/azure-monitor/reference/tables/awsnetworkfirewalltls","","Yes","Yes","Yes","Yes"
"AWSRoute53Resolver","Reference for AWSRoute53Resolver table in Azure Monitor Logs.","AWS","","","SecurityInsights","-","","Yes","No","No","Yes","Yes","Yes","https://learn.microsoft.com/en-us/azure/azure-monitor/reference/tables/awsroute53resolver","","Yes","Yes","Yes","Yes"
"AWSS3ServerAccess","Reference for AWSS3ServerAccess table in Azure Monitor Logs.","AWS","","","SecurityInsights","-","","Yes","No","No","Yes","Yes","Yes","https://learn.microsoft.com/en-us/azure/azure-monitor/reference/tables/awss3serveraccess","","Yes","Yes","Yes","Yes"
"AWSSecurityHubFindings","Reference for AWSSecurityHubFindings table in Azure Monitor Logs.","AWS","","","SecurityInsights","-","","Yes","No","No","Yes","Yes","Yes","https://learn.microsoft.com/en-us/azure/azure-monitor/reference/tables/awssecurityhubfindings","","Yes","Yes","Yes","Yes"
"AWSVPCFlow","Reference for AWSVPCFlow table in Azure Monitor Logs.","AWS","","","SecurityInsights","-","","Yes","No","No","Yes","Yes","Yes","https://learn.microsoft.com/en-us/azure/azure-monitor/reference/tables/awsvpcflow","","Yes","Yes","Yes","Yes"
"AWSWAF","Reference for AWSWAF table in Azure Monitor Logs.","AWS","","","SecurityInsights","-","","Yes","No","No","Yes","Yes","Yes","https://learn.microsoft.com/en-us/azure/azure-monitor/reference/tables/awswaf","","Yes","Yes","Yes","Yes"
"AZFWApplicationRule","Reference for AZFWApplicationRule table in Azure Monitor Logs.","Security","","","LogManagement","microsoft.network/azurefirewalls","","Yes","No","No","Yes","No","Yes","https://learn.microsoft.com/en-us/azure/azure-monitor/reference/tables/azfwapplicationrule","","Yes","Yes","No","Yes"
"AZFWApplicationRuleAggregation","Reference for AZFWApplicationRuleAggregation table in Azure Monitor Logs.","Security","","","LogManagement","microsoft.network/azurefirewalls","","Yes","No","No","Yes","No","No","https://learn.microsoft.com/en-us/azure/azure-monitor/reference/tables/azfwapplicationruleaggregation","","Yes","Yes","No","Yes"
"AZFWDnsFlowTrace","Reference for AZFWDnsFlowTrace table in Azure Monitor Logs.","Security","","","LogManagement","microsoft.network/azurefirewalls","","Yes","No","No","Yes","No","No","https://learn.microsoft.com/en-us/azure/azure-monitor/reference/tables/azfwdnsflowtrace","","Yes","No","No","Yes"
"AZFWDnsQuery","Reference for AZFWDnsQuery table in Azure Monitor Logs.","Security","","","LogManagement","microsoft.network/azurefirewalls","","Yes","No","No","Yes","No","Yes","https://learn.microsoft.com/en-us/azure/azure-monitor/reference/tables/azfwdnsquery","","Yes","Yes","No","Yes"
"AZFWFatFlow","Reference for AZFWFatFlow table in Azure Monitor Logs.","Security","","","LogManagement","microsoft.network/azurefirewalls","","Yes","No","No","Yes","No","Yes","https://learn.microsoft.com/en-us/azure/azure-monitor/reference/tables/azfwfatflow","","Yes","Yes","No","Yes"
"AZFWFlowTrace","Reference for AZFWFlowTrace table in Azure Monitor Logs.","Azure Resources","","","LogManagement","microsoft.network/azurefirewalls","","Yes","No","No","Yes","No","Yes","https://learn.microsoft.com/en-us/azure/azure-monitor/reference/tables/azfwflowtrace","","Yes","Yes","No","Yes"
"AZFWIdpsSignature","Reference for AZFWIdpsSignature table in Azure Monitor Logs.","Security","","","LogManagement","microsoft.network/azurefirewalls","","Yes","No","No","Yes","No","Yes","https://learn.microsoft.com/en-us/azure/azure-monitor/reference/tables/azfwidpssignature","","Yes","Yes","No","Yes"
"AZFWInternalFqdnResolutionFailure","Reference for AZFWInternalFqdnResolutionFailure table in Azure Monitor Logs.","Security","","","LogManagement","microsoft.network/azurefirewalls","","Yes","No","No","Yes","No","Yes","https://learn.microsoft.com/en-us/azure/azure-monitor/reference/tables/azfwinternalfqdnresolutionfailure","","Yes","Yes","No","Yes"
"AZFWNatRule","Reference for AZFWNatRule table in Azure Monitor Logs.","Security","","","LogManagement","microsoft.network/azurefirewalls","","Yes","No","No","Yes","No","Yes","https://learn.microsoft.com/en-us/azure/azure-monitor/reference/tables/azfwnatrule","","Yes","Yes","No","Yes"
"AZFWNatRuleAggregation","Reference for AZFWNatRuleAggregation table in Azure Monitor Logs.","Security","","","LogManagement","microsoft.network/azurefirewalls","","Yes","No","No","Yes","No","No","https://learn.microsoft.com/en-us/azure/azure-monitor/reference/tables/azfwnatruleaggregation","","Yes","Yes","No","Yes"
"AZFWNetworkRule","Reference for AZFWNetworkRule table in Azure Monitor Logs.","Security","","","LogManagement","microsoft.network/azurefirewalls","","Yes","No","No","Yes","No","Yes","https://learn.microsoft.com/en-us/azure/azure-monitor/reference/tables/azfwnetworkrule","","Yes","Yes","No","Yes"
"AZFWNetworkRuleAggregation","Reference for AZFWNetworkRuleAggregation table in Azure Monitor Logs.","Security","","","LogManagement","microsoft.network/azurefirewalls","","Yes","No","No","Yes","No","No","https://learn.microsoft.com/en-us/azure/azure-monitor/reference/tables/azfwnetworkruleaggregation","","Yes","Yes","No","Yes"
"AZFWThreatIntel","Reference for AZFWThreatIntel table in Azure Monitor Logs.","Security","","","LogManagement","microsoft.network/azurefirewalls","","Yes","No","No","Yes","No","Yes","https://learn.microsoft.com/en-us/azure/azure-monitor/reference/tables/azfwthreatintel","","Yes","Yes","No","Yes"
"AZKVAuditLogs","Reference for AZKVAuditLogs table in Azure Monitor Logs.","Audit, Azure Resources","","","LogManagement","microsoft.keyvault/vaults","","Yes","No","No","Yes","No","No","https://learn.microsoft.com/en-us/azure/azure-monitor/reference/tables/azkvauditlogs","","Yes","Yes","No","Yes"
"AZKVPolicyEvaluationDetailsLogs","Reference for AZKVPolicyEvaluationDetailsLogs table in Azure Monitor Logs.","Audit, Azure Resources","","","LogManagement","microsoft.keyvault/vaults","","Yes","No","No","Yes","No","No","https://learn.microsoft.com/en-us/azure/azure-monitor/reference/tables/azkvpolicyevaluationdetailslogs","","Yes","Yes","No","Yes"
"AZMSApplicationMetricLogs","Reference for AZMSApplicationMetricLogs table in Azure Monitor Logs.","Audit, Azure Resources","","","LogManagement","microsoft.servicebus/namespaces, microsoft.eventhub/namespaces","","Yes","No","No","Yes","No","No","https://learn.microsoft.com/en-us/azure/azure-monitor/reference/tables/azmsapplicationmetriclogs","","Yes","Yes","No","Yes"
"AZMSArchiveLogs","Reference for AZMSArchiveLogs table in Azure Monitor Logs.","Audit, Azure Resources","","","LogManagement","microsoft.eventhub/namespaces","","Yes","No","No","Yes","No","No","https://learn.microsoft.com/en-us/azure/azure-monitor/reference/tables/azmsarchivelogs","","Yes","Yes","No","Yes"
"AZMSAutoscaleLogs","Reference for AZMSAutoscaleLogs table in Azure Monitor Logs.","Audit, Azure Resources","","","LogManagement","microsoft.eventhub/namespaces","","Yes","No","No","Yes","No","No","https://learn.microsoft.com/en-us/azure/azure-monitor/reference/tables/azmsautoscalelogs","","Yes","Yes","No","Yes"
"AZMSCustomerManagedKeyUserLogs","Reference for AZMSCustomerManagedKeyUserLogs table in Azure Monitor Logs.","Audit, Azure Resources","","","LogManagement","microsoft.eventhub/namespaces","","Yes","No","No","Yes","No","No","https://learn.microsoft.com/en-us/azure/azure-monitor/reference/tables/azmscustomermanagedkeyuserlogs","","Yes","Yes","No","Yes"
"AZMSDiagnosticErrorLogs","Reference for AZMSDiagnosticErrorLogs table in Azure Monitor Logs.","Audit","","","LogManagement","microsoft.servicebus/namespaces, microsoft.eventhub/namespaces","","Yes","No","No","Yes","No","No","https://learn.microsoft.com/en-us/azure/azure-monitor/reference/tables/azmsdiagnosticerrorlogs","","Yes","Yes","No","Yes"
"AZMSHybridConnectionsEvents","Reference for AZMSHybridConnectionsEvents table in Azure Monitor Logs.","Audit, Azure Resources","","","LogManagement","microsoft.relay/namespaces","","Yes","No","No","Yes","No","No","https://learn.microsoft.com/en-us/azure/azure-monitor/reference/tables/azmshybridconnectionsevents","","Yes","Yes","No","Yes"
"AZMSKafkaCoordinatorLogs","Reference for AZMSKafkaCoordinatorLogs table in Azure Monitor Logs.","Audit, Azure Resources","","","LogManagement","microsoft.eventhub/namespaces","","Yes","No","No","Yes","No","No","https://learn.microsoft.com/en-us/azure/azure-monitor/reference/tables/azmskafkacoordinatorlogs","","Yes","Yes","No","Yes"
"AZMSKafkaUserErrorLogs","Reference for AZMSKafkaUserErrorLogs table in Azure Monitor Logs.","Audit, Azure Resources","","","LogManagement","microsoft.eventhub/namespaces","","Yes","No","No","Yes","No","No","https://learn.microsoft.com/en-us/azure/azure-monitor/reference/tables/azmskafkausererrorlogs","","Yes","Yes","No","Yes"
"AZMSOperationalLogs","Reference for AZMSOperationalLogs table in Azure Monitor Logs.","Audit, Azure Resources","","","LogManagement","microsoft.servicebus/namespaces, microsoft.eventhub/namespaces","","Yes","No","No","Yes","No","No","https://learn.microsoft.com/en-us/azure/azure-monitor/reference/tables/azmsoperationallogs","","Yes","Yes","No","Yes"
"AZMSRunTimeAuditLogs","Reference for AZMSRunTimeAuditLogs table in Azure Monitor Logs.","Audit","","","LogManagement","microsoft.servicebus/namespaces, microsoft.eventhub/namespaces","","Yes","No","No","Yes","No","No","https://learn.microsoft.com/en-us/azure/azure-monitor/reference/tables/azmsruntimeauditlogs","","Yes","Yes","No","Yes"
"AZMSVnetConnectionEvents","Reference for AZMSVnetConnectionEvents table in Azure Monitor Logs.","Audit, Azure Resources","","","LogManagement","microsoft.eventhub/namespaces, microsoft.servicebus/namespaces, microsoft.relay/namespaces","","Yes","No","No","Yes","No","No","https://learn.microsoft.com/en-us/azure/azure-monitor/reference/tables/azmsvnetconnectionevents","","Yes","Yes","No","Yes"
"AddonAzureBackupAlerts","Reference for AddonAzureBackupAlerts table in Azure Monitor Logs.","Azure Resources, IT & Management Tools","","","LogManagement","microsoft.recoveryservices/vaults","","Yes","No","No","Yes","No","No","https://learn.microsoft.com/en-us/azure/azure-monitor/reference/tables/addonazurebackupalerts","","No","Yes","No","No"
"AddonAzureBackupJobs","Reference for AddonAzureBackupJobs table in Azure Monitor Logs.","Azure Resources, IT & Management Tools","","","LogManagement","microsoft.recoveryservices/vaults","","Yes","No","No","Yes","No","No","https://learn.microsoft.com/en-us/azure/azure-monitor/reference/tables/addonazurebackupjobs","","No","Yes","No","No"
"AddonAzureBackupPolicy","Reference for AddonAzureBackupPolicy table in Azure Monitor Logs.","Azure Resources, IT & Management Tools","","","LogManagement","microsoft.recoveryservices/vaults","","Yes","No","No","Yes","No","No","https://learn.microsoft.com/en-us/azure/azure-monitor/reference/tables/addonazurebackuppolicy","","No","Yes","No","No"
"AddonAzureBackupProtectedInstance","Reference for AddonAzureBackupProtectedInstance table in Azure Monitor Logs.","Azure Resources, IT & Management Tools","","","LogManagement","microsoft.recoveryservices/vaults","","Yes","No","No","Yes","No","No","https://learn.microsoft.com/en-us/azure/azure-monitor/reference/tables/addonazurebackupprotectedinstance","","No","Yes","No","No"
"AddonAzureBackupStorage","Reference for AddonAzureBackupStorage table in Azure Monitor Logs.","Azure Resources, IT & Management Tools","","","LogManagement","microsoft.recoveryservices/vaults","","Yes","No","No","Yes","No","No","https://learn.microsoft.com/en-us/azure/azure-monitor/reference/tables/addonazurebackupstorage","","No","Yes","No","No"
"AegDataPlaneRequests","Reference for AegDataPlaneRequests table in Azure Monitor Logs.","Audit, Azure Resources","","","LogManagement","microsoft.eventgrid/topics, microsoft.eventgrid/domains, microsoft.eventgrid/partnernamespaces","","Yes","No","No","Yes","No","No","https://learn.microsoft.com/en-us/azure/azure-monitor/reference/tables/aegdataplanerequests","","No","Yes","No","No"
"AegDeliveryFailureLogs","Reference for AegDeliveryFailureLogs table in Azure Monitor Logs.","Azure Resources","","","LogManagement","microsoft.eventgrid/topics, microsoft.eventgrid/domains, microsoft.eventgrid/partnertopics, microsoft.eventgrid/systemtopics","","Yes","No","No","Yes","No","No","https://learn.microsoft.com/en-us/azure/azure-monitor/reference/tables/aegdeliveryfailurelogs","","No","Yes","No","No"
"AegPublishFailureLogs","Reference for AegPublishFailureLogs table in Azure Monitor Logs.","Azure Resources","","","LogManagement","microsoft.eventgrid/topics, microsoft.eventgrid/domains, microsoft.eventgrid/partnernamespaces","","Yes","No","No","Yes","No","No","https://learn.microsoft.com/en-us/azure/azure-monitor/reference/tables/aegpublishfailurelogs","","No","Yes","No","No"
"AgariBPAlertsLog_CL","","","","","","","","No","No","No","No","No","Yes","","","","No","Yes","No"
"AgentsInfo","Information about AI agents and their properties from various platforms","Security, XDR","","","SecurityInsights","-","","Yes","Yes","No","Yes","No","No","https://learn.microsoft.com/en-us/azure/azure-monitor/reference/tables/agentsinfo","https://learn.microsoft.com/en-us/defender-xdr/advanced-hunting-agentsinfo-table","Yes","Yes","No","Yes"
"AggregatedSecurityAlert","Reference for AggregatedSecurityAlert table in Azure Monitor Logs.","Security","","","SecurityInsights","microsoft.securityinsights/securityinsights","","Yes","No","No","Yes","No","No","https://learn.microsoft.com/en-us/azure/azure-monitor/reference/tables/aggregatedsecurityalert","","Yes","Yes","No","Yes"
"AgriFoodApplicationAuditLogs","Reference for AgriFoodApplicationAuditLogs table in Azure Monitor Logs.","Audit, Azure Resources","","","LogManagement","microsoft.agfoodplatform/farmbeats","","Yes","No","No","Yes","No","No","https://learn.microsoft.com/en-us/azure/azure-monitor/reference/tables/agrifoodapplicationauditlogs","","No","Yes","No","No"
"AgriFoodFarmManagementLogs","Reference for AgriFoodFarmManagementLogs table in Azure Monitor Logs.","Azure Resources","","","LogManagement","microsoft.agfoodplatform/farmbeats","","Yes","No","No","Yes","No","No","https://learn.microsoft.com/en-us/azure/azure-monitor/reference/tables/agrifoodfarmmanagementlogs","","No","Yes","No","No"
"AgriFoodFarmOperationLogs","Reference for AgriFoodFarmOperationLogs table in Azure Monitor Logs.","Azure Resources","","","LogManagement","microsoft.agfoodplatform/farmbeats","","Yes","No","No","Yes","No","No","https://learn.microsoft.com/en-us/azure/azure-monitor/reference/tables/agrifoodfarmoperationlogs","","No","Yes","No","No"
"AgriFoodInsightLogs","Reference for AgriFoodInsightLogs table in Azure Monitor Logs.","Azure Resources","","","LogManagement","microsoft.agfoodplatform/farmbeats","","Yes","No","No","Yes","No","No","https://learn.microsoft.com/en-us/azure/azure-monitor/reference/tables/agrifoodinsightlogs","","No","Yes","No","No"
"AgriFoodJobProcessedLogs","Reference for AgriFoodJobProcessedLogs table in Azure Monitor Logs.","Azure Resources","","","LogManagement","microsoft.agfoodplatform/farmbeats","","Yes","No","No","Yes","No","No","https://learn.microsoft.com/en-us/azure/azure-monitor/reference/tables/agrifoodjobprocessedlogs","","No","Yes","No","No"
"AgriFoodModelInferenceLogs","Reference for AgriFoodModelInferenceLogs table in Azure Monitor Logs.","Azure Resources","","","LogManagement","microsoft.agfoodplatform/farmbeats","","Yes","No","No","Yes","No","No","https://learn.microsoft.com/en-us/azure/azure-monitor/reference/tables/agrifoodmodelinferencelogs","","No","Yes","No","No"
"AgriFoodProviderAuthLogs","Reference for AgriFoodProviderAuthLogs table in Azure Monitor Logs.","Azure Resources","","","LogManagement","microsoft.agfoodplatform/farmbeats","","Yes","No","No","Yes","No","No","https://learn.microsoft.com/en-us/azure/azure-monitor/reference/tables/agrifoodproviderauthlogs","","No","Yes","No","No"
"AgriFoodSatelliteLogs","Reference for AgriFoodSatelliteLogs table in Azure Monitor Logs.","Azure Resources","","","LogManagement","microsoft.agfoodplatform/farmbeats","","Yes","No","No","Yes","No","No","https://learn.microsoft.com/en-us/azure/azure-monitor/reference/tables/agrifoodsatellitelogs","","No","Yes","No","No"
"AgriFoodSensorManagementLogs","Reference for AgriFoodSensorManagementLogs table in Azure Monitor Logs.","Azure Resources","","","LogManagement","microsoft.agfoodplatform/farmbeats","","Yes","No","No","Yes","No","No","https://learn.microsoft.com/en-us/azure/azure-monitor/reference/tables/agrifoodsensormanagementlogs","","No","Yes","No","No"
"AgriFoodWeatherLogs","Reference for AgriFoodWeatherLogs table in Azure Monitor Logs.","Azure Resources","","","LogManagement","microsoft.agfoodplatform/farmbeats","","Yes","No","No","Yes","No","No","https://learn.microsoft.com/en-us/azure/azure-monitor/reference/tables/agrifoodweatherlogs","","No","Yes","No","No"
"AirflowDagProcessingLogs","Reference for AirflowDagProcessingLogs table in Azure Monitor Logs.","-","","","LogManagement","-","","Yes","No","No","Yes","No","No","https://learn.microsoft.com/en-us/azure/azure-monitor/reference/tables/airflowdagprocessinglogs","","No","Yes","No","No"
"AirlockDigitalExecutionHistories","","","","","","","","No","No","No","No","No","Yes","","","","No","No","No"
"Alert","Reference for Alert table in Azure Monitor Logs.","Azure Monitor","","","LogManagement","-","","Yes","No","No","Yes","No","No","https://learn.microsoft.com/en-us/azure/azure-monitor/reference/tables/alert","","No","Yes","No","No"
"AlertEvidence","Files, IP addresses, URLs, users, or devices associated with alerts","Internal","Microsoft","","SecurityInsights","-","","Yes","Yes","No","Yes","No","Yes","https://learn.microsoft.com/en-us/azure/azure-monitor/reference/tables/alertevidence","https://learn.microsoft.com/en-us/defender-xdr/advanced-hunting-alertevidence-table","Yes","Yes","No","Yes"
"AlertHistory","Reference for AlertHistory table in Azure Monitor Logs.","Azure Monitor","","","AlertManagement","-","","Yes","No","No","Yes","No","No","https://learn.microsoft.com/en-us/azure/azure-monitor/reference/tables/alerthistory","","No","No","No","No"
"AlertInfo","Alerts from Microsoft Defender for Endpoint, Microsoft Defender for Office 365, Microsoft Defender for Cloud Apps, and Microsoft Defender for Identity, including severity information and threat categorization","Internal","Microsoft","","SecurityInsights","-","","Yes","Yes","No","Yes","No","No","https://learn.microsoft.com/en-us/azure/azure-monitor/reference/tables/alertinfo","https://learn.microsoft.com/en-us/defender-xdr/advanced-hunting-alertinfo-table","Yes","Yes","No","Yes"
"AliCloudActionTrailLogs_CL","","","","","","","","No","No","No","No","No","Yes","","","","Yes","Yes","Yes"
"AliCloud_CL","","","","","","","","No","No","No","No","No","Yes","","","","No","Yes","No"
"AlibabaCloudVPCFlowLogs","","","","","","","","No","No","No","No","No","Yes","","","","No","No","No"
"AmlComputeClusterEvent","Reference for AmlComputeClusterEvent table in Azure Monitor Logs.","Azure Resources","","","LogManagement","microsoft.machinelearningservices/workspaces","","Yes","No","No","Yes","No","No","https://learn.microsoft.com/en-us/azure/azure-monitor/reference/tables/amlcomputeclusterevent","","No","Yes","No","Yes"
"AmlComputeClusterNodeEvent","Reference for AmlComputeClusterNodeEvent table in Azure Monitor Logs.","Azure Resources","","","LogManagement","microsoft.machinelearningservices/workspaces","","Yes","No","No","Yes","No","No","https://learn.microsoft.com/en-us/azure/azure-monitor/reference/tables/amlcomputeclusternodeevent","","No","No","No","Yes"
"AmlComputeCpuGpuUtilization","Reference for AmlComputeCpuGpuUtilization table in Azure Monitor Logs.","Azure Resources","","","LogManagement","microsoft.machinelearningservices/workspaces","","Yes","No","No","Yes","No","No","https://learn.microsoft.com/en-us/azure/azure-monitor/reference/tables/amlcomputecpugpuutilization","","No","Yes","No","No"
"AmlComputeInstanceEvent","Reference for AmlComputeInstanceEvent table in Azure Monitor Logs.","Audit, Azure Resources","","","LogManagement","microsoft.machinelearningservices/workspaces","","Yes","No","No","Yes","No","No","https://learn.microsoft.com/en-us/azure/azure-monitor/reference/tables/amlcomputeinstanceevent","","No","Yes","No","No"
"AmlComputeJobEvent","Reference for AmlComputeJobEvent table in Azure Monitor Logs.","Azure Resources","","","LogManagement","microsoft.machinelearningservices/workspaces","","Yes","No","No","Yes","No","No","https://learn.microsoft.com/en-us/azure/azure-monitor/reference/tables/amlcomputejobevent","","No","Yes","No","Yes"
"AmlDataLabelEvent","Reference for AmlDataLabelEvent table in Azure Monitor Logs.","Audit, Azure Resources","","","LogManagement","microsoft.machinelearningservices/workspaces","","Yes","No","No","Yes","No","No","https://learn.microsoft.com/en-us/azure/azure-monitor/reference/tables/amldatalabelevent","","No","Yes","No","No"
"AmlDataSetEvent","Reference for AmlDataSetEvent table in Azure Monitor Logs.","Audit, Azure Resources","","","LogManagement","microsoft.machinelearningservices/workspaces","","Yes","No","No","Yes","No","No","https://learn.microsoft.com/en-us/azure/azure-monitor/reference/tables/amldatasetevent","","No","Yes","No","No"
"AmlDataStoreEvent","Reference for AmlDataStoreEvent table in Azure Monitor Logs.","Audit, Azure Resources","","","LogManagement","microsoft.machinelearningservices/workspaces","","Yes","No","No","Yes","No","No","https://learn.microsoft.com/en-us/azure/azure-monitor/reference/tables/amldatastoreevent","","No","Yes","No","No"
"AmlDeploymentEvent","Reference for AmlDeploymentEvent table in Azure Monitor Logs.","Audit, Azure Resources","","","LogManagement","microsoft.machinelearningservices/workspaces","","Yes","No","No","Yes","No","No","https://learn.microsoft.com/en-us/azure/azure-monitor/reference/tables/amldeploymentevent","","No","Yes","No","No"
"AmlEnvironmentEvent","Reference for AmlEnvironmentEvent table in Azure Monitor Logs.","Audit, Azure Resources","","","LogManagement","microsoft.machinelearningservices/workspaces","","Yes","No","No","Yes","No","No","https://learn.microsoft.com/en-us/azure/azure-monitor/reference/tables/amlenvironmentevent","","No","Yes","No","No"
"AmlInferencingEvent","Reference for AmlInferencingEvent table in Azure Monitor Logs.","Audit, Azure Resources","","","LogManagement","microsoft.machinelearningservices/workspaces","","Yes","No","No","Yes","No","No","https://learn.microsoft.com/en-us/azure/azure-monitor/reference/tables/amlinferencingevent","","No","Yes","No","No"
"AmlModelsEvent","Reference for AmlModelsEvent table in Azure Monitor Logs.","Audit, Azure Resources","","","LogManagement","microsoft.machinelearningservices/workspaces","","Yes","No","No","Yes","No","No","https://learn.microsoft.com/en-us/azure/azure-monitor/reference/tables/amlmodelsevent","","No","Yes","No","No"
"AmlOnlineEndpointConsoleLog","Reference for AmlOnlineEndpointConsoleLog table in Azure Monitor Logs.","Audit, Azure Resources","","","LogManagement","microsoft.machinelearningservices/workspaces","","Yes","No","No","Yes","No","No","https://learn.microsoft.com/en-us/azure/azure-monitor/reference/tables/amlonlineendpointconsolelog","","No","Yes","No","No"
"AmlOnlineEndpointEventLog","Reference for AmlOnlineEndpointEventLog table in Azure Monitor Logs.","Audit, Azure Resources","","","LogManagement","microsoft.machinelearningservices/workspaces","","Yes","No","No","Yes","No","No","https://learn.microsoft.com/en-us/azure/azure-monitor/reference/tables/amlonlineendpointeventlog","","No","Yes","No","No"
"AmlOnlineEndpointTrafficLog","Reference for AmlOnlineEndpointTrafficLog table in Azure Monitor Logs.","Audit, Azure Resources","","","LogManagement","microsoft.machinelearningservices/workspaces","","Yes","No","No","Yes","No","No","https://learn.microsoft.com/en-us/azure/azure-monitor/reference/tables/amlonlineendpointtrafficlog","","No","Yes","No","No"
"AmlPipelineEvent","Reference for AmlPipelineEvent table in Azure Monitor Logs.","Audit, Azure Resources","","","LogManagement","microsoft.machinelearningservices/workspaces","","Yes","No","No","Yes","No","No","https://learn.microsoft.com/en-us/azure/azure-monitor/reference/tables/amlpipelineevent","","No","Yes","No","No"
"AmlRegistryReadEventsLog","Reference for AmlRegistryReadEventsLog table in Azure Monitor Logs.","Audit, Azure Resources","","","LogManagement","microsoft.machinelearningservices/registries","","Yes","No","No","Yes","No","No","https://learn.microsoft.com/en-us/azure/azure-monitor/reference/tables/amlregistryreadeventslog","","No","Yes","No","No"
"AmlRegistryWriteEventsLog","Reference for AmlRegistryWriteEventsLog table in Azure Monitor Logs.","Audit, Azure Resources","","","LogManagement","microsoft.machinelearningservices/registries","","Yes","No","No","Yes","No","No","https://learn.microsoft.com/en-us/azure/azure-monitor/reference/tables/amlregistrywriteeventslog","","No","Yes","No","No"
"AmlRunEvent","Reference for AmlRunEvent table in Azure Monitor Logs.","Audit, Azure Resources","","","LogManagement","microsoft.machinelearningservices/workspaces","","Yes","No","No","Yes","No","No","https://learn.microsoft.com/en-us/azure/azure-monitor/reference/tables/amlrunevent","","No","Yes","No","No"
"AmlRunStatusChangedEvent","Reference for AmlRunStatusChangedEvent table in Azure Monitor Logs.","Azure Resources","","","LogManagement","microsoft.machinelearningservices/workspaces","","Yes","No","No","Yes","No","No","https://learn.microsoft.com/en-us/azure/azure-monitor/reference/tables/amlrunstatuschangedevent","","No","Yes","No","No"
"Anomalies","Reference for Anomalies table in Azure Monitor Logs.","Internal","Microsoft","Internal","SecurityInsights","-","","Yes","No","No","Yes","Yes","No","https://learn.microsoft.com/en-us/azure/azure-monitor/reference/tables/anomalies","","Yes","Yes","Yes","Yes"
"Anvilogic_Alerts_CL","","","","","","","","No","No","No","No","No","Yes","","","","No","Yes","No"
"ApacheHTTPServer_CL","","","","","","","","No","No","No","No","No","Yes","","","","Yes","Yes","Yes"
"ApiManagementGatewayLlmLog","Reference for ApiManagementGatewayLlmLog table in Azure Monitor Logs.","-","","","LogManagement","microsoft.apimanagement/service","","Yes","No","No","Yes","No","No","https://learn.microsoft.com/en-us/azure/azure-monitor/reference/tables/apimanagementgatewayllmlog","","Yes","Yes","No","Yes"
"ApiManagementGatewayLogs","Reference for ApiManagementGatewayLogs table in Azure Monitor Logs.","Azure Resources","","","LogManagement","microsoft.apimanagement/service","","Yes","No","No","Yes","No","No","https://learn.microsoft.com/en-us/azure/azure-monitor/reference/tables/apimanagementgatewaylogs","","Yes","Yes","No","No"
"ApiManagementGatewayMCPLog","Reference for ApiManagementGatewayMCPLog table in Azure Monitor Logs.","-","","","LogManagement","microsoft.apimanagement/service","","Yes","No","No","Yes","No","No","https://learn.microsoft.com/en-us/azure/azure-monitor/reference/tables/apimanagementgatewaymcplog","","Yes","No","No","Yes"
"ApiManagementWebSocketConnectionLogs","Reference for ApiManagementWebSocketConnectionLogs table in Azure Monitor Logs.","Azure Resources","","","LogManagement","microsoft.apimanagement/service","","Yes","No","No","Yes","No","No","https://learn.microsoft.com/en-us/azure/azure-monitor/reference/tables/apimanagementwebsocketconnectionlogs","","Yes","No","No","No"
"AppAvailabilityResults","Reference for AppAvailabilityResults table in Azure Monitor Logs.","Applications","","","LogManagement","microsoft.insights/components","","Yes","No","No","Yes","No","No","https://learn.microsoft.com/en-us/azure/azure-monitor/reference/tables/appavailabilityresults","","No","Yes","No","No"
"AppBrowserTimings","Reference for AppBrowserTimings table in Azure Monitor Logs.","Applications","","","LogManagement","microsoft.insights/components","","Yes","No","No","Yes","No","No","https://learn.microsoft.com/en-us/azure/azure-monitor/reference/tables/appbrowsertimings","","No","Yes","No","No"
"AppCenterError","Reference for AppCenterError table in Azure Monitor Logs.","-","","","LogManagement","-","","Yes","No","No","Yes","No","No","https://learn.microsoft.com/en-us/azure/azure-monitor/reference/tables/appcentererror","","No","Yes","No","No"
"AppDependencies","Reference for AppDependencies table in Azure Monitor Logs.","Low value","Microsoft","Azure Diagnostics","LogManagement","microsoft.insights/components","","Yes","No","No","Yes","No","No","https://learn.microsoft.com/en-us/azure/azure-monitor/reference/tables/appdependencies","","No","Yes","No","No"
"AppEnvSessionConsoleLogs","Reference for AppEnvSessionConsoleLogs table in Azure Monitor Logs.","Audit, Azure Resources","","","LogManagement","microsoft.app/managedenvironments","","Yes","No","No","Yes","No","No","https://learn.microsoft.com/en-us/azure/azure-monitor/reference/tables/appenvsessionconsolelogs","","Yes","Yes","No","Yes"
"AppEnvSessionLifecycleLogs","Reference for AppEnvSessionLifecycleLogs table in Azure Monitor Logs.","Audit, Azure Resources","","","LogManagement","microsoft.app/managedenvironments","","Yes","No","No","Yes","No","No","https://learn.microsoft.com/en-us/azure/azure-monitor/reference/tables/appenvsessionlifecyclelogs","","Yes","Yes","No","Yes"
"AppEnvSessionPoolEventLogs","Reference for AppEnvSessionPoolEventLogs table in Azure Monitor Logs.","Audit, Azure Resources","","","LogManagement","microsoft.app/managedenvironments","","Yes","No","No","Yes","No","No","https://learn.microsoft.com/en-us/azure/azure-monitor/reference/tables/appenvsessionpooleventlogs","","Yes","Yes","No","Yes"
"AppEnvSpringAppConsoleLogs","Reference for AppEnvSpringAppConsoleLogs table in Azure Monitor Logs.","Audit, Azure Resources","","","LogManagement","microsoft.app/managedenvironments","","Yes","No","No","Yes","No","No","https://learn.microsoft.com/en-us/azure/azure-monitor/reference/tables/appenvspringappconsolelogs","","Yes","Yes","No","Yes"
"AppEvents","Reference for AppEvents table in Azure Monitor Logs.","Low value","Microsoft","Azure Diagnostics","LogManagement","microsoft.insights/components","","Yes","No","No","Yes","No","No","https://learn.microsoft.com/en-us/azure/azure-monitor/reference/tables/appevents","","No","Yes","No","No"
"AppExceptions","Reference for AppExceptions table in Azure Monitor Logs.","Low value","Microsoft","Azure Diagnostics","LogManagement","microsoft.insights/components","","Yes","No","No","Yes","No","No","https://learn.microsoft.com/en-us/azure/azure-monitor/reference/tables/appexceptions","","No","Yes","No","No"
"AppGenAIContent","Reference for AppGenAIContent table in Azure Monitor Logs.","Applications","","","LogManagement","microsoft.operationalinsights/workspaces","","Yes","No","No","Yes","No","No","https://learn.microsoft.com/en-us/azure/azure-monitor/reference/tables/appgenaicontent","","Yes","No","No","No"
"AppMetrics","Reference for AppMetrics table in Azure Monitor Logs.","Low value","Microsoft","Azure Diagnostics","LogManagement","microsoft.insights/components","","Yes","No","No","Yes","No","No","https://learn.microsoft.com/en-us/azure/azure-monitor/reference/tables/appmetrics","","No","Yes","No","No"
"AppPageViews","Reference for AppPageViews table in Azure Monitor Logs.","Applications","","","LogManagement","microsoft.insights/components","","Yes","No","No","Yes","No","No","https://learn.microsoft.com/en-us/azure/azure-monitor/reference/tables/apppageviews","","No","Yes","No","No"
"AppPerformanceCounters","Reference for AppPerformanceCounters table in Azure Monitor Logs.","Low value","Microsoft","Azure Diagnostics","LogManagement","microsoft.insights/components","","Yes","No","No","Yes","No","No","https://learn.microsoft.com/en-us/azure/azure-monitor/reference/tables/appperformancecounters","","No","Yes","No","No"
"AppPlatformBuildLogs","Reference for AppPlatformBuildLogs table in Azure Monitor Logs.","-","","","LogManagement","microsoft.appplatform/spring","","Yes","No","No","Yes","No","No","https://learn.microsoft.com/en-us/azure/azure-monitor/reference/tables/appplatformbuildlogs","","No","No","No","No"
"AppPlatformContainerEventLogs","Reference for AppPlatformContainerEventLogs table in Azure Monitor Logs.","Azure Resources","","","LogManagement","microsoft.appplatform/spring","","Yes","No","No","Yes","No","No","https://learn.microsoft.com/en-us/azure/azure-monitor/reference/tables/appplatformcontainereventlogs","","No","No","No","No"
"AppPlatformIngressLogs","Reference for AppPlatformIngressLogs table in Azure Monitor Logs.","Azure Resources","","","LogManagement","microsoft.appplatform/spring","","Yes","No","No","Yes","No","No","https://learn.microsoft.com/en-us/azure/azure-monitor/reference/tables/appplatformingresslogs","","No","Yes","No","No"
"AppPlatformLogsforSpring","Reference for AppPlatformLogsforSpring table in Azure Monitor Logs.","Azure Resources","","","LogManagement","microsoft.appplatform/spring","","Yes","No","No","Yes","No","No","https://learn.microsoft.com/en-us/azure/azure-monitor/reference/tables/appplatformlogsforspring","","No","Yes","No","No"
"AppPlatformSystemLogs","Reference for AppPlatformSystemLogs table in Azure Monitor Logs.","Azure Resources","","","LogManagement","microsoft.appplatform/spring","","Yes","No","No","Yes","No","No","https://learn.microsoft.com/en-us/azure/azure-monitor/reference/tables/appplatformsystemlogs","","No","Yes","No","No"
"AppRequests","Reference for AppRequests table in Azure Monitor Logs.","Low value","Microsoft","Azure Diagnostics","LogManagement","microsoft.insights/components","","Yes","No","No","Yes","No","No","https://learn.microsoft.com/en-us/azure/azure-monitor/reference/tables/apprequests","","No","Yes","No","No"
"AppServiceAntivirusScanAuditLogs","Reference for AppServiceAntivirusScanAuditLogs table in Azure Monitor Logs.","Azure Resources","","","LogManagement","microsoft.web/sites","","Yes","No","No","Yes","No","No","https://learn.microsoft.com/en-us/azure/azure-monitor/reference/tables/appserviceantivirusscanauditlogs","","No","Yes","No","No"
"AppServiceAppLogs","Reference for AppServiceAppLogs table in Azure Monitor Logs.","Low value","Microsoft","Azure Diagnostics","LogManagement","microsoft.web/sites","","Yes","No","No","Yes","No","No","https://learn.microsoft.com/en-us/azure/azure-monitor/reference/tables/appserviceapplogs","","No","Yes","No","No"
"AppServiceAuditLogs","Reference for AppServiceAuditLogs table in Azure Monitor Logs.","Azure Resources","","","LogManagement","microsoft.web/sites","","Yes","No","No","Yes","No","No","https://learn.microsoft.com/en-us/azure/azure-monitor/reference/tables/appserviceauditlogs","","No","Yes","No","No"
"AppServiceAuthenticationLogs","Reference for AppServiceAuthenticationLogs table in Azure Monitor Logs.","Azure Resources","","","LogManagement","microsoft.web/sites","","Yes","No","No","Yes","No","No","https://learn.microsoft.com/en-us/azure/azure-monitor/reference/tables/appserviceauthenticationlogs","","No","Yes","No","No"
"AppServiceConsoleLogs","Reference for AppServiceConsoleLogs table in Azure Monitor Logs.","Low value","Microsoft","Azure Diagnostics","LogManagement","microsoft.web/sites","","Yes","No","No","Yes","No","No","https://learn.microsoft.com/en-us/azure/azure-monitor/reference/tables/appserviceconsolelogs","","No","Yes","No","No"
"AppServiceEnvironmentPlatformLogs","Reference for AppServiceEnvironmentPlatformLogs table in Azure Monitor Logs.","-","","","LogManagement","-","","Yes","No","No","Yes","No","No","https://learn.microsoft.com/en-us/azure/azure-monitor/reference/tables/appserviceenvironmentplatformlogs","","No","Yes","No","No"
"AppServiceFileAuditLogs","Reference for AppServiceFileAuditLogs table in Azure Monitor Logs.","Azure Resources","","","LogManagement","microsoft.web/sites","","Yes","No","No","Yes","No","No","https://learn.microsoft.com/en-us/azure/azure-monitor/reference/tables/appservicefileauditlogs","","No","Yes","No","No"
"AppServiceHTTPLogs","Reference for AppServiceHTTPLogs table in Azure Monitor Logs.","Azure Resources","","","LogManagement","microsoft.web/sites","","Yes","No","No","Yes","No","No","https://learn.microsoft.com/en-us/azure/azure-monitor/reference/tables/appservicehttplogs","","No","Yes","No","No"
"AppServiceIPSecAuditLogs","Reference for AppServiceIPSecAuditLogs table in Azure Monitor Logs.","-","","","LogManagement","microsoft.web/sites","","Yes","No","No","Yes","No","No","https://learn.microsoft.com/en-us/azure/azure-monitor/reference/tables/appserviceipsecauditlogs","","No","Yes","No","No"
"AppServicePlatformLogs","Reference for AppServicePlatformLogs table in Azure Monitor Logs.","Azure Resources","","","LogManagement","microsoft.web/sites","","Yes","No","No","Yes","No","No","https://learn.microsoft.com/en-us/azure/azure-monitor/reference/tables/appserviceplatformlogs","","No","Yes","No","No"
"AppServiceServerlessSecurityPluginData","Reference for AppServiceServerlessSecurityPluginData table in Azure Monitor Logs.","Security","","","LogManagement","microsoft.web/sites","","Yes","No","No","Yes","No","No","https://learn.microsoft.com/en-us/azure/azure-monitor/reference/tables/appserviceserverlesssecurityplugindata","","No","Yes","No","No"
"AppSystemEvents","Reference for AppSystemEvents table in Azure Monitor Logs.","Applications","","","LogManagement","microsoft.insights/components","","Yes","No","No","Yes","No","No","https://learn.microsoft.com/en-us/azure/azure-monitor/reference/tables/appsystemevents","","No","Yes","No","No"
"AppTraces","Reference for AppTraces table in Azure Monitor Logs.","Low value","Microsoft","Azure Diagnostics","LogManagement","microsoft.insights/components","","Yes","No","No","Yes","No","No","https://learn.microsoft.com/en-us/azure/azure-monitor/reference/tables/apptraces","","Yes","Yes","No","No"
"ApplicationInsights","Reference for ApplicationInsights table in Azure Monitor Logs.","-","","","ApplicationInsights","-","","Yes","No","No","Yes","No","No","https://learn.microsoft.com/en-us/azure/azure-monitor/reference/tables/applicationinsights","","No","No","No","No"
"ArcK8sAudit","Reference for ArcK8sAudit table in Azure Monitor Logs.","Audit, Azure Resources, Containers","","","LogManagement","microsoft.kubernetes/connectedclusters","","Yes","No","No","Yes","No","No","https://learn.microsoft.com/en-us/azure/azure-monitor/reference/tables/arck8saudit","","Yes","Yes","No","Yes"
"ArcK8sAuditAdmin","Reference for ArcK8sAuditAdmin table in Azure Monitor Logs.","Audit, Azure Resources, Containers","","","LogManagement","microsoft.kubernetes/connectedclusters","","Yes","No","No","Yes","No","No","https://learn.microsoft.com/en-us/azure/azure-monitor/reference/tables/arck8sauditadmin","","Yes","Yes","No","Yes"
"ArcK8sControlPlane","Reference for ArcK8sControlPlane table in Azure Monitor Logs.","Azure Resources, Containers","","","LogManagement","microsoft.kubernetes/connectedclusters","","Yes","No","No","Yes","No","No","https://learn.microsoft.com/en-us/azure/azure-monitor/reference/tables/arck8scontrolplane","","Yes","Yes","No","Yes"
"Armis_Activities_CL","","","","","","","","No","No","No","No","No","Yes","","","","No","Yes","No"
"Armis_Alerts_CL","","","","","","","","No","No","No","No","No","Yes","","","","No","Yes","No"
"Armis_Devices_CL","","","","","","","","No","No","No","No","No","Yes","","","","No","Yes","No"
"AuditLogs","Reference for AuditLogs table in Azure Monitor Logs.","Azure Resources, Security","","","LogManagement","microsoft.azureadgraph/tenants, microsoft.graph/tenants","","Yes","No","No","Yes","No","Yes","https://learn.microsoft.com/en-us/azure/azure-monitor/reference/tables/auditlogs","","No","Yes","No","Yes"
"Audit_CL","","","","","","","","No","No","No","No","No","Yes","","","","Yes","Yes","Yes"
"Audits_Data_CL","","","","","","","","No","No","No","No","No","Yes","","","","Yes","Yes","Yes"
"Auth0AM_CL","","","","","","","","No","No","No","No","No","Yes","","","","Yes","Yes","Yes"
"Auth0Logs_CL","","","","","","","","No","No","No","No","No","Yes","","","","Yes","Yes","Yes"
"AutoscaleEvaluationsLog","Reference for AutoscaleEvaluationsLog table in Azure Monitor Logs.","Azure Monitor, Azure Resources, Virtual Machines","","","LogManagement","microsoft.insights/autoscalesettings","","Yes","No","No","Yes","No","No","https://learn.microsoft.com/en-us/azure/azure-monitor/reference/tables/autoscaleevaluationslog","","No","Yes","No","No"
"AutoscaleScaleActionsLog","Reference for AutoscaleScaleActionsLog table in Azure Monitor Logs.","Azure Monitor, Azure Resources, Virtual Machines","","","LogManagement","microsoft.insights/autoscalesettings","","Yes","No","No","Yes","No","No","https://learn.microsoft.com/en-us/azure/azure-monitor/reference/tables/autoscalescaleactionslog","","No","Yes","No","No"
"Awareness_Performance_Details_CL","","","","","","","","No","No","No","No","No","Yes","","","","Yes","Yes","Yes"
"Awareness_SafeScore_Details_CL","","","","","","","","No","No","No","No","No","Yes","","","","Yes","Yes","Yes"
"Awareness_User_Data_CL","","","","","","","","No","No","No","No","No","Yes","","","","Yes","Yes","Yes"
"Awareness_Watchlist_Details_CL","","","","","","","","No","No","No","No","No","Yes","","","","Yes","Yes","Yes"
"AzureActivity","Reference for AzureActivity table in Azure Monitor Logs.","Audit, Azure Resources, Security","","","LogManagement","microsoft.aad/domainservices, microsoft.azureadgraph/tenants, microsoft.containerservice/managedclusters, microsoft.apimanagement/service, microsoft.appconfiguration/configurationstores, microsoft.network/applicationgateways, microsoft.servicenetworking/trafficcontrollers, microsoft.web/sites, microsoft.kubernetes/connectedclusters, microsoft.toolchainorchestrator/diagnostics, microsoft.attestation/attestationproviders, microsoft.cache/redis, microsoft.cdn/profiles, microsoft.hardwaresecuritymodules/cloudhsmclusters, microsoft.communication/communicationservices, microsoft.documentdb/databaseaccounts, microsoft.datacollaboration/workspaces, microsoft.digitaltwins/digitaltwinsinstances, microsoft.network/dnsresolverpolicies, microsoft.eventgrid/namespaces, microsoft.eventgrid/topics, microsoft.eventhub/namespaces, microsoft.network/azurefirewalls, microsoft.dashboard/grafana, microsoft.keyvault/vaults, microsoft.loadtestservice/loadtests, microsoft.managednetworkfabric/networkdevices, microsoft.documentdb/cassandraclusters, microsoft.documentdb/mongoclusters, microsoft.dashboard/dashboard, microsoft.networkcloud/baremetalmachines, microsoft.networkcloud/clustermanagers, microsoft.networkcloud/clusters, microsoft.networkcloud/storageappliances, microsoft.network/loadbalancers, microsoft.purview/accounts, microsoft.quantum/provideraccounts, microsoft.quantum/workspaces, microsoft.recoveryservices/vaults, microsoft.relay/namespaces, microsoft.servicebus/namespaces, microsoft.sql/servers, microsoft.networkfunction/azuretrafficcollectors, microsoft.network/networkmanagers, microsoft.botservice/botservices, microsoft.chaos/experiments, microsoft.cognitiveservices/accounts, microsoft.connectedcache/cachenodes, microsoft.connectedvehicle/platformaccounts, microsoft.network/networkwatchers/connectionmonitors, microsoft.app/managedenvironments, microsoft.d365customerinsights/instances, microsoft.databricks/workspaces, microsoft.dbformysql/flexibleservers, microsoft.dbforpostgresql/flexibleservers, microsoft.devcenter/devcenters, microsoft.devopsinfrastructure/pools, microsoft.discovery/bookshelves, microsoft.discovery/supercomputers, microsoft.discovery/workspaces, microsoft.durabletask/schedulers, microsoft.experimentation/experimentworkspaces, microsoft.hdinsight/clusters, microsoft.compute/virtualmachines, microsoft.logic/integrationaccounts, microsoft.machinelearningservices/workspaces, microsoft.machinelearningservices/registries, microsoft.media/mediaservices, microsoft.azureplaywrightservice/accounts, microsoft.graph/tenants, microsoft.networkanalytics/dataproducts, microsoft.network/networkvirtualappliances, microsoft.onlineexperimentation/workspaces, microsoft.storage/storageaccounts, microsoft.storagecache/amlfilesytems, microsoft.storagemover/storagemovers, microsoft.synapse/workspaces, microsoft.edge/diagnostics, microsoft.desktopvirtualization/hostpools, microsoft.zerotrustsegmentation/segmentationmanagers, default, subscription, resourcegroup, microsoft.signalrservice/webpubsub, microsoft.insights/components, microsoft.desktopvirtualization/applicationgroups, microsoft.desktopvirtualization/workspaces, microsoft.timeseriesinsights/environments, microsoft.workloadmonitor/monitors, microsoft.analysisservices/servers, microsoft.batch/batchaccounts, microsoft.appplatform/spring, microsoft.signalrservice/signalr, microsoft.containerregistry/registries, microsoft.kusto/clusters, microsoft.blockchain/blockchainmembers, microsoft.eventgrid/domains, microsoft.eventgrid/partnernamespaces, microsoft.eventgrid/partnertopics, microsoft.eventgrid/systemtopics, microsoft.conenctedvmwarevsphere/virtualmachines, microsoft.azurestackhci/virtualmachines, microsoft.scvmm/virtualmachines, microsoft.compute/virtualmachinescalesets, microsoft.hybridcontainerservice/provisionedclusters, microsoft.insights/autoscalesettings, microsoft.devices/iothubs, microsoft.servicefabric/clusters, microsoft.logic/workflows, microsoft.automation/automationaccounts, microsoft.datafactory/factories, microsoft.datalakestore/accounts, microsoft.datalakeanalytics/accounts, microsoft.powerbidedicated/capacities, microsoft.datashare/accounts, microsoft.sql/managedinstances, microsoft.sql/servers/databases, microsoft.dbformysql/servers, microsoft.dbforpostgresql/servers, microsoft.dbforpostgresql/serversv2, microsoft.dbformariadb/servers, microsoft.devices/provisioningservices, microsoft.network/expressroutecircuits, microsoft.network/frontdoors, microsoft.network/networkinterfaces, microsoft.network/networksecuritygroups, microsoft.network/publicipaddresses, microsoft.network/trafficmanagerprofiles, microsoft.network/virtualnetworkgateways, microsoft.network/vpngateways, microsoft.network/virtualnetworks, microsoft.search/searchservices, microsoft.streamanalytics/streamingjobs, microsoft.network/bastionhosts, microsoft.healthcareapis/services","","Yes","No","No","Yes","No","Yes","https://learn.microsoft.com/en-us/azure/azure-monitor/reference/tables/azureactivity","","No","No","No","No"
"AzureAssessmentRecommendation","Reference for AzureAssessmentRecommendation table in Azure Monitor Logs.","Workloads","","","AzureAssessment, AzureResources","-","","Yes","No","No","Yes","Yes","No","https://learn.microsoft.com/en-us/azure/azure-monitor/reference/tables/azureassessmentrecommendation","","No","Yes","Yes","No"
"AzureAttestationDiagnostics","Reference for AzureAttestationDiagnostics table in Azure Monitor Logs.","Azure Resources","","","LogManagement","microsoft.attestation/attestationproviders","","Yes","No","No","Yes","No","No","https://learn.microsoft.com/en-us/azure/azure-monitor/reference/tables/azureattestationdiagnostics","","No","Yes","No","No"
"AzureBackupOperations","Reference for AzureBackupOperations table in Azure Monitor Logs.","Audit","","","LogManagement","microsoft.recoveryservices/vaults","","Yes","No","No","Yes","No","No","https://learn.microsoft.com/en-us/azure/azure-monitor/reference/tables/azurebackupoperations","","No","Yes","No","No"
"AzureDevOpsAuditing","Reference for AzureDevOpsAuditing table in Azure Monitor Logs.","-","","","LogManagement","-","","Yes","No","No","Yes","No","No","https://learn.microsoft.com/en-us/azure/azure-monitor/reference/tables/azuredevopsauditing","","Yes","Yes","No","Yes"
"AzureDiagnostics","Reference for AzureDiagnostics table in Azure Monitor Logs.","Various","Microsoft","Azure Diagnostics","","","","Yes","No","No","Yes","No","Yes","https://learn.microsoft.com/en-us/azure/azure-monitor/reference/tables/azurediagnostics","","No","No","No","No"
"AzureLoadTestingOperation","Reference for AzureLoadTestingOperation table in Azure Monitor Logs.","Audit, Azure Resources","","","LogManagement","microsoft.loadtestservice/loadtests","","Yes","No","No","Yes","No","No","https://learn.microsoft.com/en-us/azure/azure-monitor/reference/tables/azureloadtestingoperation","","No","Yes","No","No"
"AzureMetrics","Reference for AzureMetrics table in Azure Monitor Logs.","Low value","Microsoft","Azure Diagnostics","LogManagement","microsoft.operationalinsights/workspaces, microsoft.aad/domainservices, microsoft.containerservice/managedclusters, microsoft.apimanagement/service, microsoft.network/applicationgateways, microsoft.servicenetworking/trafficcontrollers, microsoft.web/sites, microsoft.kubernetes/connectedclusters, microsoft.cache/redis, microsoft.hardwaresecuritymodules/cloudhsmclusters, microsoft.communication/communicationservices, microsoft.documentdb/databaseaccounts, microsoft.datacollaboration/workspaces, microsoft.eventgrid/namespaces, microsoft.eventgrid/topics, microsoft.eventhub/namespaces, microsoft.network/azurefirewalls, microsoft.keyvault/vaults, microsoft.managednetworkfabric/networkdevices, microsoft.documentdb/mongoclusters, microsoft.networkcloud/baremetalmachines, microsoft.networkcloud/clustermanagers, microsoft.networkcloud/clusters, microsoft.networkcloud/storageappliances, microsoft.network/loadbalancers, microsoft.relay/namespaces, microsoft.servicebus/namespaces, microsoft.sql/servers, microsoft.networkfunction/azuretrafficcollectors, microsoft.network/networkmanagers, microsoft.cognitiveservices/accounts, microsoft.connectedcache/cachenodes, microsoft.connectedvehicle/platformaccounts, microsoft.databricks/workspaces, microsoft.dbformysql/flexibleservers, microsoft.dbforpostgresql/flexibleservers, microsoft.devcenter/devcenters, microsoft.compute/virtualmachines, microsoft.machinelearningservices/workspaces, microsoft.media/mediaservices, microsoft.azureplaywrightservice/accounts, microsoft.networkanalytics/dataproducts, microsoft.network/networkvirtualappliances, microsoft.storage/storageaccounts, microsoft.storagecache/amlfilesytems, microsoft.storagemover/storagemovers, microsoft.synapse/workspaces, microsoft.desktopvirtualization/hostpools, microsoft.desktopvirtualization/applicationgroups, microsoft.desktopvirtualization/workspaces, microsoft.timeseriesinsights/environments, microsoft.workloadmonitor/monitors, microsoft.analysisservices/servers, microsoft.batch/batchaccounts, microsoft.appplatform/spring, microsoft.signalrservice/signalr, microsoft.containerregistry/registries, microsoft.kusto/clusters, microsoft.blockchain/blockchainmembers, microsoft.eventgrid/domains, microsoft.eventgrid/partnernamespaces, microsoft.eventgrid/partnertopics, microsoft.eventgrid/systemtopics, microsoft.conenctedvmwarevsphere/virtualmachines, microsoft.azurestackhci/virtualmachines, microsoft.scvmm/virtualmachines, microsoft.compute/virtualmachinescalesets, microsoft.hybridcontainerservice/provisionedclusters, microsoft.insights/autoscalesettings, microsoft.devices/iothubs, microsoft.servicefabric/clusters, microsoft.logic/workflows, microsoft.automation/automationaccounts, microsoft.datafactory/factories, microsoft.datalakestore/accounts, microsoft.datalakeanalytics/accounts, microsoft.powerbidedicated/capacities, microsoft.datashare/accounts, microsoft.sql/managedinstances, microsoft.sql/servers/databases, microsoft.dbformysql/servers, microsoft.dbforpostgresql/servers, microsoft.dbforpostgresql/serversv2, microsoft.dbformariadb/servers, microsoft.devices/provisioningservices, microsoft.network/expressroutecircuits, microsoft.network/frontdoors, microsoft.network/networkinterfaces, microsoft.network/networksecuritygroups, microsoft.network/publicipaddresses, microsoft.network/trafficmanagerprofiles, microsoft.network/virtualnetworkgateways, microsoft.network/vpngateways, microsoft.network/virtualnetworks, microsoft.search/searchservices, microsoft.streamanalytics/streamingjobs, microsoft.network/bastionhosts, microsoft.healthcareapis/services","","Yes","No","No","Yes","No","Yes","https://learn.microsoft.com/en-us/azure/azure-monitor/reference/tables/azuremetrics","","Yes","No","No","No"
"AzureMetricsV2","Reference for AzureMetricsV2 table in Azure Monitor Logs.","Azure Monitor, Azure Resources","","","LogManagement","microsoft.operationalinsights/workspaces","","Yes","No","No","Yes","Yes","No","https://learn.microsoft.com/en-us/azure/azure-monitor/reference/tables/azuremetricsv2","","Yes","Yes","Yes","No"
"AzureMonitorPipelineLogErrors","Reference for AzureMonitorPipelineLogErrors table in Azure Monitor Logs.","Azure Resources","","","LogManagement","microsoft.monitor/pipelinegroups","","Yes","No","No","Yes","No","No","https://learn.microsoft.com/en-us/azure/azure-monitor/reference/tables/azuremonitorpipelinelogerrors","","Yes","No","No","Yes"
"AzureSQLAutomaticTuning","Reference for AzureSQLAutomaticTuning table in Azure Monitor Logs.","Workloads","","","LogManagement","microsoft.sql/servers","","Yes","No","No","Yes","No","No","https://learn.microsoft.com/en-us/azure/azure-monitor/reference/tables/azuresqlautomatictuning","","No","No","No","No"
"AzureSQLBlocks","Reference for AzureSQLBlocks table in Azure Monitor Logs.","Workloads","","","LogManagement","microsoft.sql/servers","","Yes","No","No","Yes","No","No","https://learn.microsoft.com/en-us/azure/azure-monitor/reference/tables/azuresqlblocks","","No","No","No","No"
"AzureSQLDatabaseWaitStatistics","Reference for AzureSQLDatabaseWaitStatistics table in Azure Monitor Logs.","Workloads","","","LogManagement","microsoft.sql/servers","","Yes","No","No","Yes","No","No","https://learn.microsoft.com/en-us/azure/azure-monitor/reference/tables/azuresqldatabasewaitstatistics","","No","No","No","No"
"AzureSQLDeadlocks","Reference for AzureSQLDeadlocks table in Azure Monitor Logs.","Workloads","","","LogManagement","microsoft.sql/servers","","Yes","No","No","Yes","No","No","https://learn.microsoft.com/en-us/azure/azure-monitor/reference/tables/azuresqldeadlocks","","No","No","No","No"
"AzureSQLErrors","Reference for AzureSQLErrors table in Azure Monitor Logs.","Workloads","","","LogManagement","microsoft.sql/servers","","Yes","No","No","Yes","No","No","https://learn.microsoft.com/en-us/azure/azure-monitor/reference/tables/azuresqlerrors","","No","No","No","No"
"AzureSQLQueryStoreRuntimeStatistics","Reference for AzureSQLQueryStoreRuntimeStatistics table in Azure Monitor Logs.","Workloads","","","LogManagement","microsoft.sql/servers","","Yes","No","No","Yes","No","No","https://learn.microsoft.com/en-us/azure/azure-monitor/reference/tables/azuresqlquerystoreruntimestatistics","","No","No","No","No"
"AzureSQLQueryStoreWaitStatistics","Reference for AzureSQLQueryStoreWaitStatistics table in Azure Monitor Logs.","Workloads","","","LogManagement","microsoft.sql/servers","","Yes","No","No","Yes","No","No","https://learn.microsoft.com/en-us/azure/azure-monitor/reference/tables/azuresqlquerystorewaitstatistics","","No","No","No","No"
"AzureSQLResourceUsageStats","Reference for AzureSQLResourceUsageStats table in Azure Monitor Logs.","Workloads","","","LogManagement","microsoft.sql/servers","","Yes","No","No","Yes","No","No","https://learn.microsoft.com/en-us/azure/azure-monitor/reference/tables/azuresqlresourceusagestats","","No","No","No","No"
"AzureSQLTimeouts","Reference for AzureSQLTimeouts table in Azure Monitor Logs.","Workloads","","","LogManagement","microsoft.sql/servers","","Yes","No","No","Yes","No","No","https://learn.microsoft.com/en-us/azure/azure-monitor/reference/tables/azuresqltimeouts","","No","No","No","No"
"BehaviorAnalytics","Reference for BehaviorAnalytics table in Azure Monitor Logs.","Internal","Microsoft","Internal","BehaviorAnalyticsInsights","-","","Yes","No","No","Yes","No","No","https://learn.microsoft.com/en-us/azure/azure-monitor/reference/tables/behavioranalytics","","No","Yes","No","No"
"BehaviorEntities","Entities (file, process, device, user, and others) that are involved in a behavior in Microsoft Defender for Cloud Apps (not available for GCC) and User and Entity Behavior Analytics (UEBA)","Security, XDR","","","LogManagement","-","","Yes","Yes","No","Yes","No","No","https://learn.microsoft.com/en-us/azure/azure-monitor/reference/tables/behaviorentities","https://learn.microsoft.com/en-us/defender-xdr/advanced-hunting-behaviorentities-table","Yes","Yes","No","Yes"
"BehaviorInfo","Behaviors from Microsoft Defender for Cloud Apps (not available for GCC) and User and Entity Behavior Analytics (UEBA)","Security, XDR","","","LogManagement","-","","Yes","Yes","No","Yes","No","No","https://learn.microsoft.com/en-us/azure/azure-monitor/reference/tables/behaviorinfo","https://learn.microsoft.com/en-us/defender-xdr/advanced-hunting-behaviorinfo-table","Yes","Yes","No","Yes"
"BetterMTDAppLog_CL","","","","","","","","No","No","No","No","No","Yes","","","","No","Yes","No"
"BetterMTDDeviceLog_CL","","","","","","","","No","No","No","No","No","Yes","","","","No","Yes","No"
"BetterMTDIncidentLog_CL","","","","","","","","No","No","No","No","No","Yes","","","","No","Yes","No"
"BetterMTDNetflowLog_CL","","","","","","","","No","No","No","No","No","Yes","","","","No","Yes","No"
"BeyondTrustPM_ActivityAudits_CL","","","","","","","","No","No","No","No","No","Yes","","","","Yes","Yes","Yes"
"BeyondTrustPM_ClientEvents_CL","","","","","","","","No","No","No","No","No","Yes","","","","Yes","Yes","Yes"
"BigIDDSPMCatalog_CL","","","","","","","","No","No","No","No","No","Yes","","","","Yes","Yes","Yes"
"BitglassLogs_CL","","","","","","","","No","No","No","No","No","Yes","","","","No","Yes","No"
"BitwardenEventLogs","","","","","","","","No","No","No","No","No","Yes","","","","No","No","No"
"BlockchainApplicationLog","Reference for BlockchainApplicationLog table in Azure Monitor Logs.","Azure Resources","","","LogManagement","microsoft.blockchain/blockchainmembers","","Yes","No","No","Yes","No","No","https://learn.microsoft.com/en-us/azure/azure-monitor/reference/tables/blockchainapplicationlog","","No","Yes","No","No"
"BlockchainProxyLog","Reference for BlockchainProxyLog table in Azure Monitor Logs.","Azure Resources","","","LogManagement","microsoft.blockchain/blockchainmembers","","Yes","No","No","Yes","No","No","https://learn.microsoft.com/en-us/azure/azure-monitor/reference/tables/blockchainproxylog","","No","Yes","No","No"
"BoxEventsV2_CL","","","","","","","","No","No","No","No","No","Yes","","","","Yes","Yes","Yes"
"BoxEvents_CL","","","","","","","","No","No","No","No","No","Yes","","","","No","Yes","No"
"CBSLog_AzureV2_CL","","","","","","","","No","No","No","No","No","Yes","","","","No","Yes","No"
"CCFApplicationLogs","Reference for CCFApplicationLogs table in Azure Monitor Logs.","Audit, Azure Resources","","","LogManagement","microsoft.confidentialledger/managedccfs","","Yes","No","No","Yes","No","No","https://learn.microsoft.com/en-us/azure/azure-monitor/reference/tables/ccfapplicationlogs","","Yes","Yes","No","Yes"
"CDBCassandraRequests","Reference for CDBCassandraRequests table in Azure Monitor Logs.","Audit, Azure Resources","","","LogManagement","microsoft.documentdb/databaseaccounts","","Yes","No","No","Yes","No","No","https://learn.microsoft.com/en-us/azure/azure-monitor/reference/tables/cdbcassandrarequests","","Yes","Yes","No","Yes"
"CDBControlPlaneRequests","Reference for CDBControlPlaneRequests table in Azure Monitor Logs.","Audit, Azure Resources","","","LogManagement","microsoft.documentdb/databaseaccounts","","Yes","No","No","Yes","No","No","https://learn.microsoft.com/en-us/azure/azure-monitor/reference/tables/cdbcontrolplanerequests","","Yes","Yes","No","Yes"
"CDBDataPlaneRequests","Reference for CDBDataPlaneRequests table in Azure Monitor Logs.","Audit, Azure Resources","","","LogManagement","microsoft.documentdb/databaseaccounts","","Yes","No","No","Yes","No","No","https://learn.microsoft.com/en-us/azure/azure-monitor/reference/tables/cdbdataplanerequests","","Yes","Yes","No","Yes"
"CDBDataPlaneRequests15M","Reference for CDBDataPlaneRequests15M table in Azure Monitor Logs.","Audit, Azure Resources","","","LogManagement","microsoft.documentdb/databaseaccounts","","Yes","No","No","Yes","No","No","https://learn.microsoft.com/en-us/azure/azure-monitor/reference/tables/cdbdataplanerequests15m","","Yes","No","No","Yes"
"CDBDataPlaneRequests5M","Reference for CDBDataPlaneRequests5M table in Azure Monitor Logs.","Audit, Azure Resources","","","LogManagement","microsoft.documentdb/databaseaccounts","","Yes","No","No","Yes","No","No","https://learn.microsoft.com/en-us/azure/azure-monitor/reference/tables/cdbdataplanerequests5m","","Yes","No","No","Yes"
"CDBGremlinRequests","Reference for CDBGremlinRequests table in Azure Monitor Logs.","Audit, Azure Resources","","","LogManagement","microsoft.documentdb/databaseaccounts","","Yes","No","No","Yes","No","No","https://learn.microsoft.com/en-us/azure/azure-monitor/reference/tables/cdbgremlinrequests","","Yes","Yes","No","Yes"
"CDBMongoRequests","Reference for CDBMongoRequests table in Azure Monitor Logs.","Audit, Azure Resources","","","LogManagement","microsoft.documentdb/databaseaccounts","","Yes","No","No","Yes","No","No","https://learn.microsoft.com/en-us/azure/azure-monitor/reference/tables/cdbmongorequests","","Yes","Yes","No","Yes"
"CDBPartitionKeyRUConsumption","Reference for CDBPartitionKeyRUConsumption table in Azure Monitor Logs.","Audit, Azure Resources","","","LogManagement","microsoft.documentdb/databaseaccounts","","Yes","No","No","Yes","No","No","https://learn.microsoft.com/en-us/azure/azure-monitor/reference/tables/cdbpartitionkeyruconsumption","","Yes","Yes","No","Yes"
"CDBPartitionKeyStatistics","Reference for CDBPartitionKeyStatistics table in Azure Monitor Logs.","Audit, Azure Resources","","","LogManagement","microsoft.documentdb/databaseaccounts","","Yes","No","No","Yes","No","No","https://learn.microsoft.com/en-us/azure/azure-monitor/reference/tables/cdbpartitionkeystatistics","","Yes","Yes","No","Yes"
"CDBQueryRuntimeStatistics","Reference for CDBQueryRuntimeStatistics table in Azure Monitor Logs.","Audit, Azure Resources","","","LogManagement","microsoft.documentdb/databaseaccounts","","Yes","No","No","Yes","No","No","https://learn.microsoft.com/en-us/azure/azure-monitor/reference/tables/cdbqueryruntimestatistics","","Yes","Yes","No","Yes"
"CDBTableApiRequests","Reference for CDBTableApiRequests table in Azure Monitor Logs.","Audit, Azure Resources","","","LogManagement","microsoft.documentdb/databaseaccounts","","Yes","No","No","Yes","No","No","https://learn.microsoft.com/en-us/azure/azure-monitor/reference/tables/cdbtableapirequests","","Yes","Yes","No","Yes"
"CIEventsAudit","Reference for CIEventsAudit table in Azure Monitor Logs.","Audit, Azure Resources","","","LogManagement","microsoft.d365customerinsights/instances","","Yes","No","No","Yes","No","No","https://learn.microsoft.com/en-us/azure/azure-monitor/reference/tables/cieventsaudit","","No","Yes","No","No"
"CIEventsOperational","Reference for CIEventsOperational table in Azure Monitor Logs.","Azure Resources","","","LogManagement","microsoft.d365customerinsights/instances","","Yes","No","No","Yes","No","No","https://learn.microsoft.com/en-us/azure/azure-monitor/reference/tables/cieventsoperational","","No","Yes","No","No"
"CampaignInfo","Email campaigns identified by Microsoft Defender for Office 365","Security, XDR","","","SecurityInsights","-","","Yes","Yes","No","Yes","No","No","https://learn.microsoft.com/en-us/azure/azure-monitor/reference/tables/campaigninfo","https://learn.microsoft.com/en-us/defender-xdr/advanced-hunting-campaigninfo-table","Yes","Yes","No","Yes"
"CarbonBlackAuditLogs_CL","","","","","","","","No","No","No","No","No","Yes","","","","No","Yes","No"
"CarbonBlackEvents_CL","","","","","","","","No","No","No","No","No","Yes","","","","No","Yes","No"
"CarbonBlackNotifications_CL","","","","","","","","No","No","No","No","No","Yes","","","","No","Yes","No"
"CarbonBlack_Alerts_CL","","","","","","","","No","No","No","No","No","Yes","","","","No","Yes","No"
"CassandraAudit","Reference for CassandraAudit table in Azure Monitor Logs.","Audit","","","LogManagement","microsoft.documentdb/cassandraclusters","","Yes","No","No","Yes","No","No","https://learn.microsoft.com/en-us/azure/azure-monitor/reference/tables/cassandraaudit","","No","Yes","No","No"
"CassandraLogs","Reference for CassandraLogs table in Azure Monitor Logs.","-","","","LogManagement","microsoft.documentdb/cassandraclusters","","Yes","No","No","Yes","No","No","https://learn.microsoft.com/en-us/azure/azure-monitor/reference/tables/cassandralogs","","No","Yes","No","No"
"ChaosStudioExperimentEventLogs","Reference for ChaosStudioExperimentEventLogs table in Azure Monitor Logs.","Audit, Azure Resources","","","LogManagement","microsoft.chaos/experiments","","Yes","No","No","Yes","No","No","https://learn.microsoft.com/en-us/azure/azure-monitor/reference/tables/chaosstudioexperimenteventlogs","","Yes","Yes","No","Yes"
"CiscoDuo_CL","","","","","","","","No","No","No","No","No","Yes","","","","No","Yes","No"
"CiscoETD_CL","","","","","","","","No","No","No","No","No","Yes","","","","No","Yes","No"
"CiscoSDWANNetflow_CL","","","","","","","","No","No","No","No","No","Yes","","","","No","Yes","No"
"CiscoSecureEndpointAuditLogsV2_CL","","","","","","","","No","No","No","No","No","Yes","","","","Yes","Yes","Yes"
"CiscoSecureEndpointEventsV2_CL","","","","","","","","No","No","No","No","No","Yes","","","","Yes","Yes","Yes"
"CiscoUmbrellaAdminAudit_CL","","","","","","","","No","No","No","No","No","Yes","","","","Yes","Yes","Yes"
"Cisco_Umbrella_audit_CL","","","","","","","","No","No","No","No","No","Yes","","","","No","Yes","No"
"Cisco_Umbrella_cloudfirewall_CL","","","","","","","","No","No","No","No","No","Yes","","","","Yes","Yes","Yes"
"Cisco_Umbrella_dlp_CL","","","","","","","","No","No","No","No","No","Yes","","","","No","Yes","No"
"Cisco_Umbrella_dns_CL","","","","","","","","No","No","No","No","No","Yes","","","","Yes","Yes","Yes"
"Cisco_Umbrella_fileevent_CL","","","","","","","","No","No","No","No","No","Yes","","","","No","Yes","No"
"Cisco_Umbrella_firewall_CL","","","","","","","","No","No","No","No","No","Yes","","","","Yes","Yes","Yes"
"Cisco_Umbrella_intrusion_CL","","","","","","","","No","No","No","No","No","Yes","","","","No","Yes","No"
"Cisco_Umbrella_ip_CL","","","","","","","","No","No","No","No","No","Yes","","","","Yes","Yes","Yes"
"Cisco_Umbrella_proxy_CL","","","","","","","","No","No","No","No","No","Yes","","","","Yes","Yes","Yes"
"Cisco_Umbrella_ravpnlogs_CL","","","","","","","","No","No","No","No","No","Yes","","","","No","Yes","No"
"Cisco_Umbrella_ztaflow_CL","","","","","","","","No","No","No","No","No","Yes","","","","No","Yes","No"
"Cisco_Umbrella_ztna_CL","","","","","","","","No","No","No","No","No","Yes","","","","No","Yes","No"
"CloudAppEvents","Events involving accounts and objects in Office 365 and other cloud apps and services","Security, XDR","","","SecurityInsights","-","","Yes","Yes","No","Yes","No","Yes","https://learn.microsoft.com/en-us/azure/azure-monitor/reference/tables/cloudappevents","https://learn.microsoft.com/en-us/defender-xdr/advanced-hunting-cloudappevents-table","Yes","Yes","No","Yes"
"CloudAuditEvents","Cloud audit events for various cloud platforms protected by the organization's Microsoft Defender for Cloud","Security, XDR","","","SecurityInsights","-","","Yes","Yes","No","Yes","No","No","https://learn.microsoft.com/en-us/azure/azure-monitor/reference/tables/cloudauditevents","https://learn.microsoft.com/en-us/defender-xdr/advanced-hunting-cloudauditevents-table","Yes","Yes","No","Yes"
"CloudDnsEvents","DNS activity events from cloud infrastructure environments","Security, XDR","","","SecurityInsights","-","","Yes","Yes","No","Yes","No","No","https://learn.microsoft.com/en-us/azure/azure-monitor/reference/tables/clouddnsevents","https://learn.microsoft.com/en-us/defender-xdr/advanced-hunting-clouddnsevents-table","Yes","Yes","No","Yes"
"CloudGuard_SecurityEvents_CL","","","","","","","","No","No","No","No","No","Yes","","","","Yes","Yes","Yes"
"CloudHsmHardwareOperationAuditLogs","Reference for CloudHsmHardwareOperationAuditLogs table in Azure Monitor Logs.","Audit, Azure Resources","","","LogManagement","microsoft.hardwaresecuritymodules/cloudhsmclusters","","Yes","No","No","Yes","No","No","https://learn.microsoft.com/en-us/azure/azure-monitor/reference/tables/cloudhsmhardwareoperationauditlogs","","Yes","No","No","Yes"
"CloudHsmServiceOperationAuditLogs","Reference for CloudHsmServiceOperationAuditLogs table in Azure Monitor Logs.","Audit, Azure Resources","","","LogManagement","microsoft.hardwaresecuritymodules/cloudhsmclusters","","Yes","No","No","Yes","No","No","https://learn.microsoft.com/en-us/azure/azure-monitor/reference/tables/cloudhsmserviceoperationauditlogs","","Yes","Yes","No","Yes"
"CloudPolicyEnforcementEvents","Policy enforcement evaluation decisions and metadata of security gating events for various cloud platforms protected by the organization's Microsoft Defender for Cloud","XDR","","","","","","No","Yes","Yes","No","No","No","","https://learn.microsoft.com/en-us/defender-xdr/advanced-hunting-cloudpolicyenforcementevents-table","","","No",""
"CloudProcessEvents","Cloud process events for various cloud platforms protected by the organization's Microsoft Defender for Containers","Security, XDR","","","SecurityInsights","-","","Yes","Yes","No","Yes","No","No","https://learn.microsoft.com/en-us/azure/azure-monitor/reference/tables/cloudprocessevents","https://learn.microsoft.com/en-us/defender-xdr/advanced-hunting-cloudprocessevents-table","Yes","Yes","No","Yes"
"CloudStorageAggregatedEvents","Cloud storage activity and related events","Security, XDR","","","SecurityInsights","-","","Yes","Yes","No","Yes","No","No","https://learn.microsoft.com/en-us/azure/azure-monitor/reference/tables/cloudstorageaggregatedevents","https://learn.microsoft.com/en-us/defender-xdr/advanced-hunting-cloudstorageaggregatedevents-table","Yes","Yes","No","Yes"
"Cloud_Integrated_CL","","","","","","","","No","No","No","No","No","Yes","","","","Yes","Yes","Yes"
"CloudflareV2_CL","","","","","","","","No","No","No","No","No","Yes","","","","Yes","Yes","Yes"
"Cloudflare_CL","","","","","","","","No","No","No","No","No","Yes","","","","Yes","Yes","Yes"
"CognniIncidents_CL","","","","","","","","No","No","No","No","No","Yes","","","","Yes","Yes","Yes"
"Cohesity_CL","","","","","","","","No","No","No","No","No","Yes","","","","Yes","Yes","Yes"
"CommonSecurityLog","Reference for CommonSecurityLog table in Azure Monitor Logs.","Syslog/CEF","","AMA","Security, SecurityInsights","microsoft.securityinsights/cef, microsoft.compute/virtualmachines, microsoft.conenctedvmwarevsphere/virtualmachines, microsoft.azurestackhci/virtualmachines, microsoft.scvmm/virtualmachines, microsoft.compute/virtualmachinescalesets","","Yes","No","No","Yes","Yes","Yes","https://learn.microsoft.com/en-us/azure/azure-monitor/reference/tables/commonsecuritylog","","Yes","Yes","Yes","Yes"
"CommunicationComplianceActivity","Reference for CommunicationComplianceActivity table in Azure Monitor Logs.","Audit, Security","","","SecurityInsights","-","","Yes","No","No","Yes","No","No","https://learn.microsoft.com/en-us/azure/azure-monitor/reference/tables/communicationcomplianceactivity","","Yes","Yes","No","Yes"
"CommvaultAlerts_CL","","","","","","","","No","No","No","No","No","Yes","","","","Yes","Yes","Yes"
"ComputerGroup","Reference for ComputerGroup table in Azure Monitor Logs.","Azure Monitor, IT & Management Tools, Virtual Machines","","","LogManagement","microsoft.compute/virtualmachines, microsoft.conenctedvmwarevsphere/virtualmachines, microsoft.azurestackhci/virtualmachines, microsoft.scvmm/virtualmachines","","Yes","No","No","Yes","No","No","https://learn.microsoft.com/en-us/azure/azure-monitor/reference/tables/computergroup","","No","Yes","No","No"
"ConfidentialWatchlist","Reference for ConfidentialWatchlist table in Azure Monitor Logs.","Security","","","SecurityInsights","-","","Yes","No","No","Yes","No","No","https://learn.microsoft.com/en-us/azure/azure-monitor/reference/tables/confidentialwatchlist","","No","Yes","No","Yes"
"ConfigurationChange","Reference for ConfigurationChange table in Azure Monitor Logs.","IT & Management Tools","","","ChangeTracking","microsoft.compute/virtualmachines, microsoft.conenctedvmwarevsphere/virtualmachines, microsoft.azurestackhci/virtualmachines, microsoft.scvmm/virtualmachines, microsoft.compute/virtualmachinescalesets","","Yes","No","No","Yes","No","No","https://learn.microsoft.com/en-us/azure/azure-monitor/reference/tables/configurationchange","","No","Yes","No","No"
"ConfigurationData","Reference for ConfigurationData table in Azure Monitor Logs.","IT & Management Tools","","","ChangeTracking","microsoft.compute/virtualmachines, microsoft.conenctedvmwarevsphere/virtualmachines, microsoft.azurestackhci/virtualmachines, microsoft.scvmm/virtualmachines, microsoft.compute/virtualmachinescalesets","","Yes","No","No","Yes","No","No","https://learn.microsoft.com/en-us/azure/azure-monitor/reference/tables/configurationdata","","No","Yes","No","No"
"ConfluenceAuditLogs_CL","","","","","","","","No","No","No","No","No","Yes","","","","Yes","Yes","Yes"
"ContainerAppConsoleLogs","Reference for ContainerAppConsoleLogs table in Azure Monitor Logs.","Audit, Azure Resources","","","LogManagement","microsoft.app/managedenvironments","","Yes","No","No","Yes","No","No","https://learn.microsoft.com/en-us/azure/azure-monitor/reference/tables/containerappconsolelogs","","Yes","Yes","No","Yes"
"ContainerAppHTTPLogs","Reference for ContainerAppHTTPLogs table in Azure Monitor Logs.","Audit, Azure Resources","","","LogManagement","microsoft.app/managedenvironments","","Yes","No","No","Yes","No","No","https://learn.microsoft.com/en-us/azure/azure-monitor/reference/tables/containerapphttplogs","","Yes","No","No","Yes"
"ContainerAppSystemLogs","Reference for ContainerAppSystemLogs table in Azure Monitor Logs.","Audit, Azure Resources","","","LogManagement","microsoft.app/managedenvironments","","Yes","No","No","Yes","No","No","https://learn.microsoft.com/en-us/azure/azure-monitor/reference/tables/containerappsystemlogs","","No","Yes","No","No"
"ContainerEvent","Reference for ContainerEvent table in Azure Monitor Logs.","Audit, Azure Resources","","","LogManagement","microsoft.containerinstance/containergroups","","Yes","No","No","Yes","No","No","https://learn.microsoft.com/en-us/azure/azure-monitor/reference/tables/containerevent","","No","Yes","No","No"
"ContainerImageInventory","Reference for ContainerImageInventory table in Azure Monitor Logs.","Containers","","","AzureResources, ContainerInsights, Containers","microsoft.containerservice/managedclusters, microsoft.kubernetes/connectedclusters, microsoft.hybridcontainerservice/provisionedclusters","","Yes","No","No","Yes","No","No","https://learn.microsoft.com/en-us/azure/azure-monitor/reference/tables/containerimageinventory","","No","Yes","No","No"
"ContainerInstanceLog","Reference for ContainerInstanceLog table in Azure Monitor Logs.","Audit, Azure Resources","","","LogManagement","microsoft.containerinstance/containergroups","","Yes","No","No","Yes","No","No","https://learn.microsoft.com/en-us/azure/azure-monitor/reference/tables/containerinstancelog","","No","Yes","No","No"
"ContainerInventory","Reference for ContainerInventory table in Azure Monitor Logs.","Containers","","","AzureResources, ContainerInsights, Containers","microsoft.containerservice/managedclusters, microsoft.kubernetes/connectedclusters, microsoft.hybridcontainerservice/provisionedclusters","","Yes","No","No","Yes","No","No","https://learn.microsoft.com/en-us/azure/azure-monitor/reference/tables/containerinventory","","No","Yes","No","No"
"ContainerLog","Reference for ContainerLog table in Azure Monitor Logs.","Low value","Microsoft","Azure Diagnostics","AzureResources, ContainerInsights, Containers","microsoft.containerservice/managedclusters, microsoft.kubernetes/connectedclusters, microsoft.compute/virtualmachines, microsoft.conenctedvmwarevsphere/virtualmachines, microsoft.azurestackhci/virtualmachines, microsoft.scvmm/virtualmachines, microsoft.compute/virtualmachinescalesets, microsoft.hybridcontainerservice/provisionedclusters","","Yes","No","No","Yes","No","No","https://learn.microsoft.com/en-us/azure/azure-monitor/reference/tables/containerlog","","No","Yes","No","No"
"ContainerLogV2","Reference for ContainerLogV2 table in Azure Monitor Logs.","Low value","Microsoft","Azure Diagnostics","AzureResources, ContainerInsights","microsoft.containerservice/managedclusters, microsoft.kubernetes/connectedclusters, microsoft.hybridcontainerservice/provisionedclusters","","Yes","No","No","Yes","No","No","https://learn.microsoft.com/en-us/azure/azure-monitor/reference/tables/containerlogv2","","Yes","Yes","No","No"
"ContainerNetworkLogs","Reference for ContainerNetworkLogs table in Azure Monitor Logs.","Containers","","","LogManagement","microsoft.containerservice/managedclusters","","Yes","No","No","Yes","No","No","https://learn.microsoft.com/en-us/azure/azure-monitor/reference/tables/containernetworklogs","","Yes","Yes","No","No"
"ContainerNodeInventory","Reference for ContainerNodeInventory table in Azure Monitor Logs.","Containers","","","AzureResources, ContainerInsights","microsoft.containerservice/managedclusters, microsoft.kubernetes/connectedclusters, microsoft.hybridcontainerservice/provisionedclusters","","Yes","No","No","Yes","No","No","https://learn.microsoft.com/en-us/azure/azure-monitor/reference/tables/containernodeinventory","","No","Yes","No","No"
"ContainerRegistryLoginEvents","Reference for ContainerRegistryLoginEvents table in Azure Monitor Logs.","Containers","","","LogManagement","microsoft.containerregistry/registries","","Yes","No","No","Yes","No","No","https://learn.microsoft.com/en-us/azure/azure-monitor/reference/tables/containerregistryloginevents","","No","Yes","No","No"
"ContainerRegistryRepositoryEvents","Reference for ContainerRegistryRepositoryEvents table in Azure Monitor Logs.","Containers","","","LogManagement","microsoft.containerregistry/registries","","Yes","No","No","Yes","No","No","https://learn.microsoft.com/en-us/azure/azure-monitor/reference/tables/containerregistryrepositoryevents","","No","Yes","No","No"
"ContainerServiceLog","Reference for ContainerServiceLog table in Azure Monitor Logs.","Containers","","","AzureResources, ContainerInsights, Containers","microsoft.containerservice/managedclusters, microsoft.kubernetes/connectedclusters, microsoft.hybridcontainerservice/provisionedclusters","","Yes","No","No","Yes","No","No","https://learn.microsoft.com/en-us/azure/azure-monitor/reference/tables/containerservicelog","","No","Yes","No","No"
"ContrastADRAttackEvents_CL","","","","","","","","No","No","No","No","No","Yes","","","","No","Yes","No"
"ContrastADRIncidents_CL","","","","","","","","No","No","No","No","No","Yes","","","","No","Yes","No"
"CopilotActivity","Reference for CopilotActivity table in Azure Monitor Logs.","Audit, Security","","","SecurityInsights","-","","Yes","No","No","Yes","No","Yes","https://learn.microsoft.com/en-us/azure/azure-monitor/reference/tables/copilotactivity","","Yes","No","No","Yes"
"CoreAzureBackup","Reference for CoreAzureBackup table in Azure Monitor Logs.","Azure Resources, IT & Management Tools","","","LogManagement","microsoft.recoveryservices/vaults","","Yes","No","No","Yes","No","No","https://learn.microsoft.com/en-us/azure/azure-monitor/reference/tables/coreazurebackup","","No","Yes","No","No"
"Corelight","","","","","","","","No","No","No","No","No","Yes","","","","No","No","No"
"CortexXDR_Incidents_CL","","","","","","","","No","No","No","No","No","Yes","","","","Yes","Yes","Yes"
"CortexXpanseAlerts_CL","","","","","","","","No","No","No","No","No","Yes","","","","Yes","Yes","Yes"
"CriblInternal_CL","","","","","","","","No","No","No","No","No","Yes","","","","No","Yes","No"
"CrowdStrikeAlerts","Reference for CrowdStrikeAlerts table in Azure Monitor Logs.","Crowdstrike","","","SecurityInsights","-","","Yes","No","No","Yes","Yes","Yes","https://learn.microsoft.com/en-us/azure/azure-monitor/reference/tables/crowdstrikealerts","","Yes","Yes","Yes","Yes"
"CrowdStrikeAuditEvents","Reference for CrowdStrikeAuditEvents table in Azure Monitor Logs.","Crowdstrike","","","SecurityInsights","-","","Yes","No","No","Yes","Yes","No","https://learn.microsoft.com/en-us/azure/azure-monitor/reference/tables/crowdstrikeauditevents","","Yes","Yes","Yes","Yes"
"CrowdStrikeCases","Reference for CrowdStrikeCases table in Azure Monitor Logs.","Crowdstrike","","","SecurityInsights","-","","Yes","No","No","Yes","Yes","No","https://learn.microsoft.com/en-us/azure/azure-monitor/reference/tables/crowdstrikecases","","Yes","Yes","Yes","Yes"
"CrowdStrikeDetections","Reference for CrowdStrikeDetections table in Azure Monitor Logs.","Crowdstrike","","","SecurityInsights","-","","Yes","No","No","Yes","Yes","No","https://learn.microsoft.com/en-us/azure/azure-monitor/reference/tables/crowdstrikedetections","","Yes","Yes","Yes","Yes"
"CrowdStrikeHosts","Reference for CrowdStrikeHosts table in Azure Monitor Logs.","Crowdstrike","","","SecurityInsights","-","","Yes","No","No","Yes","Yes","No","https://learn.microsoft.com/en-us/azure/azure-monitor/reference/tables/crowdstrikehosts","","Yes","Yes","Yes","Yes"
"CrowdStrikeIncidents","Reference for CrowdStrikeIncidents table in Azure Monitor Logs.","Crowdstrike","","","SecurityInsights","-","","Yes","No","No","Yes","Yes","No","https://learn.microsoft.com/en-us/azure/azure-monitor/reference/tables/crowdstrikeincidents","","Yes","Yes","Yes","Yes"
"CrowdStrikeReplicatorV2","","Crowdstrike","","","","","","No","No","No","No","No","Yes","","","","No","No","No"
"CrowdStrikeVulnerabilities","Reference for CrowdStrikeVulnerabilities table in Azure Monitor Logs.","Crowdstrike","","","SecurityInsights","-","","Yes","No","No","Yes","Yes","No","https://learn.microsoft.com/en-us/azure/azure-monitor/reference/tables/crowdstrikevulnerabilities","","Yes","Yes","Yes","Yes"
"CrowdStrike_Additional_Events_CL","","Crowdstrike","","","","","","No","No","No","No","No","Yes","","","","Yes","Yes","Yes"
"CyberArkEPM_Events_CL","","","","","","","","No","No","No","No","No","Yes","","","","No","Yes","No"
"CyberArk_AuditEvents_CL","","","","","","","","No","No","No","No","No","Yes","","","","Yes","Yes","Yes"
"CyberArk_EPMEvents_CL","","","","","","","","No","No","No","No","No","Yes","","","","No","Yes","No"
"CyberSixgill_Alerts_CL","","","","","","","","No","No","No","No","No","Yes","","","","No","Yes","No"
"CyberpionActionItems_CL","","","","","","","","No","No","No","No","No","Yes","","","","No","Yes","No"
"CybleVisionAlerts_CL","","","","","","","","No","No","No","No","No","Yes","","","","No","Yes","No"
"CyeraAssets_CL","","","","","","","","No","No","No","No","No","Yes","","","","No","Yes","No"
"CyeraAssets_MS_CL","","","","","","","","No","No","No","No","No","Yes","","","","No","Yes","No"
"CyeraClassifications_CL","","","","","","","","No","No","No","No","No","Yes","","","","No","Yes","No"
"CyeraIdentities_CL","","","","","","","","No","No","No","No","No","Yes","","","","No","Yes","No"
"CyeraIssues_CL","","","","","","","","No","No","No","No","No","Yes","","","","No","Yes","No"
"CyfirmaASCertificatesAlerts_CL","","","","","","","","No","No","No","No","No","Yes","","","","Yes","Yes","Yes"
"CyfirmaASCloudWeaknessAlerts_CL","","","","","","","","No","No","No","No","No","Yes","","","","Yes","Yes","Yes"
"CyfirmaASConfigurationAlerts_CL","","","","","","","","No","No","No","No","No","Yes","","","","Yes","Yes","Yes"
"CyfirmaASDomainIPReputationAlerts_CL","","","","","","","","No","No","No","No","No","Yes","","","","Yes","Yes","Yes"
"CyfirmaASDomainIPVulnerabilityAlerts_CL","","","","","","","","No","No","No","No","No","Yes","","","","Yes","Yes","Yes"
"CyfirmaASOpenPortsAlerts_CL","","","","","","","","No","No","No","No","No","Yes","","","","Yes","Yes","Yes"
"CyfirmaBIDomainITAssetAlerts_CL","","","","","","","","No","No","No","No","No","Yes","","","","Yes","Yes","Yes"
"CyfirmaBIExecutivePeopleAlerts_CL","","","","","","","","No","No","No","No","No","Yes","","","","Yes","Yes","Yes"
"CyfirmaBIMaliciousMobileAppsAlerts_CL","","","","","","","","No","No","No","No","No","Yes","","","","Yes","Yes","Yes"
"CyfirmaBIProductSolutionAlerts_CL","","","","","","","","No","No","No","No","No","Yes","","","","Yes","Yes","Yes"
"CyfirmaBISocialHandlersAlerts_CL","","","","","","","","No","No","No","No","No","Yes","","","","Yes","Yes","Yes"
"CyfirmaCampaigns_CL","","","","","","","","No","No","No","No","No","Yes","","","","Yes","Yes","Yes"
"CyfirmaCompromisedAccounts_CL","","","","","","","","No","No","No","No","No","Yes","","","","Yes","Yes","Yes"
"CyfirmaDBWMDarkWebAlerts_CL","","","","","","","","No","No","No","No","No","Yes","","","","Yes","Yes","Yes"
"CyfirmaDBWMPhishingAlerts_CL","","","","","","","","No","No","No","No","No","Yes","","","","Yes","Yes","Yes"
"CyfirmaDBWMRansomwareAlerts_CL","","","","","","","","No","No","No","No","No","Yes","","","","Yes","Yes","Yes"
"CyfirmaIndicators_CL","","","","","","","","No","No","No","No","No","Yes","","","","Yes","Yes","Yes"
"CyfirmaMalware_CL","","","","","","","","No","No","No","No","No","Yes","","","","Yes","Yes","Yes"
"CyfirmaSPEConfidentialFilesAlerts_CL","","","","","","","","No","No","No","No","No","Yes","","","","Yes","Yes","Yes"
"CyfirmaSPEPIIAndCIIAlerts_CL","","","","","","","","No","No","No","No","No","Yes","","","","Yes","Yes","Yes"
"CyfirmaSPESocialThreatAlerts_CL","","","","","","","","No","No","No","No","No","Yes","","","","Yes","Yes","Yes"
"CyfirmaSPESourceCodeAlerts_CL","","","","","","","","No","No","No","No","No","Yes","","","","Yes","Yes","Yes"
"CyfirmaThreatActors_CL","","","","","","","","No","No","No","No","No","Yes","","","","Yes","Yes","Yes"
"CyfirmaVulnerabilities_CL","","","","","","","","No","No","No","No","No","Yes","","","","Yes","Yes","Yes"
"Cymru_Scout_Account_Usage_Data_CL","","","","","","","","No","No","No","No","No","Yes","","","","No","Yes","No"
"Cymru_Scout_Domain_Data_CL","","","","","","","","No","No","No","No","No","Yes","","","","No","Yes","No"
"Cymru_Scout_IP_Data_Communications_CL","","","","","","","","No","No","No","No","No","Yes","","","","No","Yes","No"
"Cymru_Scout_IP_Data_Details_CL","","","","","","","","No","No","No","No","No","Yes","","","","No","Yes","No"
"Cymru_Scout_IP_Data_Fingerprints_CL","","","","","","","","No","No","No","No","No","Yes","","","","No","Yes","No"
"Cymru_Scout_IP_Data_Foundation_CL","","","","","","","","No","No","No","No","No","Yes","","","","No","Yes","No"
"Cymru_Scout_IP_Data_OpenPorts_CL","","","","","","","","No","No","No","No","No","Yes","","","","No","Yes","No"
"Cymru_Scout_IP_Data_PDNS_CL","","","","","","","","No","No","No","No","No","Yes","","","","No","Yes","No"
"Cymru_Scout_IP_Data_Summary_Certs_CL","","","","","","","","No","No","No","No","No","Yes","","","","No","Yes","No"
"Cymru_Scout_IP_Data_Summary_Details_CL","","","","","","","","No","No","No","No","No","Yes","","","","No","Yes","No"
"Cymru_Scout_IP_Data_Summary_Fingerprints_CL","","","","","","","","No","No","No","No","No","Yes","","","","No","Yes","No"
"Cymru_Scout_IP_Data_Summary_OpenPorts_CL","","","","","","","","No","No","No","No","No","Yes","","","","No","Yes","No"
"Cymru_Scout_IP_Data_Summary_PDNS_CL","","","","","","","","No","No","No","No","No","Yes","","","","No","Yes","No"
"Cymru_Scout_IP_Data_x509_CL","","","","","","","","No","No","No","No","No","Yes","","","","No","Yes","No"
"CynerioEvent_CL","","","","","","","","No","No","No","No","No","Yes","","","","No","Yes","No"
"Cyren_Indicators_CL","","","","","","","","No","No","No","No","No","Yes","","","","No","Yes","No"
"D3SOARIncidents_CL","","","","","","","","No","No","No","No","No","Yes","","","","No","Yes","No"
"DCRLogErrors","Reference for DCRLogErrors table in Azure Monitor Logs.","Azure Resources","","","LogManagement","microsoft.insights/datacollectionrules","","Yes","No","No","Yes","No","No","https://learn.microsoft.com/en-us/azure/azure-monitor/reference/tables/dcrlogerrors","","No","Yes","No","No"
"DCRLogTroubleshooting","Reference for DCRLogTroubleshooting table in Azure Monitor Logs.","-","","","LogManagement","-","","Yes","No","No","Yes","No","No","https://learn.microsoft.com/en-us/azure/azure-monitor/reference/tables/dcrlogtroubleshooting","","No","No","No","No"
"DHAppReliability","Reference for DHAppReliability table in Azure Monitor Logs.","Desktop Analytics","","","DeviceHealthProd","-","","Yes","No","No","Yes","No","No","https://learn.microsoft.com/en-us/azure/azure-monitor/reference/tables/dhappreliability","","No","No","No","No"
"DHDriverReliability","Reference for DHDriverReliability table in Azure Monitor Logs.","Desktop Analytics","","","DeviceHealthProd","-","","Yes","No","No","Yes","No","No","https://learn.microsoft.com/en-us/azure/azure-monitor/reference/tables/dhdriverreliability","","No","No","No","No"
"DHLogonFailures","Reference for DHLogonFailures table in Azure Monitor Logs.","Desktop Analytics","","","DeviceHealthProd","-","","Yes","No","No","Yes","No","No","https://learn.microsoft.com/en-us/azure/azure-monitor/reference/tables/dhlogonfailures","","No","No","No","No"
"DHLogonMetrics","Reference for DHLogonMetrics table in Azure Monitor Logs.","Desktop Analytics","","","DeviceHealthProd","-","","Yes","No","No","Yes","No","No","https://learn.microsoft.com/en-us/azure/azure-monitor/reference/tables/dhlogonmetrics","","No","No","No","No"
"DHOSCrashData","Reference for DHOSCrashData table in Azure Monitor Logs.","Desktop Analytics","","","DeviceHealthProd","-","","Yes","No","No","Yes","No","No","https://learn.microsoft.com/en-us/azure/azure-monitor/reference/tables/dhoscrashdata","","No","No","No","No"
"DHOSReliability","Reference for DHOSReliability table in Azure Monitor Logs.","Desktop Analytics","","","DeviceHealthProd","-","","Yes","No","No","Yes","No","No","https://learn.microsoft.com/en-us/azure/azure-monitor/reference/tables/dhosreliability","","No","No","No","No"
"DHWipAppLearning","Reference for DHWipAppLearning table in Azure Monitor Logs.","Desktop Analytics","","","DeviceHealthProd","-","","Yes","No","No","Yes","No","No","https://learn.microsoft.com/en-us/azure/azure-monitor/reference/tables/dhwipapplearning","","No","No","No","No"
"DNSQueryLogs","Reference for DNSQueryLogs table in Azure Monitor Logs.","Azure Resources","","","LogManagement","microsoft.network/dnsresolverpolicies","","Yes","No","No","Yes","No","No","https://learn.microsoft.com/en-us/azure/azure-monitor/reference/tables/dnsquerylogs","","Yes","Yes","No","Yes"
"DSMAzureBlobStorageLogs","Reference for DSMAzureBlobStorageLogs table in Azure Monitor Logs.","-","","","LogManagement","-","","Yes","No","No","Yes","No","No","https://learn.microsoft.com/en-us/azure/azure-monitor/reference/tables/dsmazureblobstoragelogs","","No","No","No","No"
"DSMDataClassificationLogs","Reference for DSMDataClassificationLogs table in Azure Monitor Logs.","Azure Resources, Security","","","LogManagement","-","","Yes","No","No","Yes","No","No","https://learn.microsoft.com/en-us/azure/azure-monitor/reference/tables/dsmdataclassificationlogs","","No","Yes","No","No"
"DSMDataLabelingLogs","Reference for DSMDataLabelingLogs table in Azure Monitor Logs.","Azure Resources, Security","","","LogManagement","-","","Yes","No","No","Yes","No","No","https://learn.microsoft.com/en-us/azure/azure-monitor/reference/tables/dsmdatalabelinglogs","","No","Yes","No","No"
"DataSecurityBehaviors","Insights about potentially suspicious user behaviors that violate user-defined or default policies configured in the Microsoft Purview suite of solutions","XDR","","","","","","No","Yes","Yes","No","No","No","","https://learn.microsoft.com/en-us/defender-xdr/advanced-hunting-datasecuritybehaviors-table","","","No",""
"DataSecurityEvents","Information about user activities that violate user-defined or default policies in the Microsoft Purview suite of solutions","XDR","","","","","","No","Yes","Yes","No","No","No","","https://learn.microsoft.com/en-us/defender-xdr/advanced-hunting-datasecurityevents-table","","","No",""
"DataSetOutput","Reference for DataSetOutput table in Azure Monitor Logs.","Azure Resources, Virtual Machines","","","LogManagement","microsoft.azuremonitordiagnosticsagents/datacollection, microsoft.compute/virtualmachines, microsoft.compute/virtualmachinescalesets","","Yes","No","No","Yes","No","No","https://learn.microsoft.com/en-us/azure/azure-monitor/reference/tables/datasetoutput","","Yes","Yes","No","Yes"
"DataSetRuns","Reference for DataSetRuns table in Azure Monitor Logs.","Azure Resources, Virtual Machines","","","LogManagement","microsoft.azuremonitordiagnosticsagents/datacollection, microsoft.compute/virtualmachines, microsoft.compute/virtualmachinescalesets","","Yes","No","No","Yes","No","No","https://learn.microsoft.com/en-us/azure/azure-monitor/reference/tables/datasetruns","","Yes","Yes","No","Yes"
"DataTransferOperations","Reference for DataTransferOperations table in Azure Monitor Logs.","Azure Resources","","","LogManagement","microsoft.azuredatatransfer/connections","","Yes","No","No","Yes","No","No","https://learn.microsoft.com/en-us/azure/azure-monitor/reference/tables/datatransferoperations","","Yes","Yes","No","Yes"
"DatabricksAccounts","Reference for DatabricksAccounts table in Azure Monitor Logs.","Azure Resources","","","LogManagement","microsoft.databricks/workspaces","","Yes","No","No","Yes","No","No","https://learn.microsoft.com/en-us/azure/azure-monitor/reference/tables/databricksaccounts","","Yes","Yes","No","Yes"
"DatabricksApps","Reference for DatabricksApps table in Azure Monitor Logs.","Audit, Azure Resources","","","LogManagement","microsoft.databricks/workspaces","","Yes","No","No","Yes","No","No","https://learn.microsoft.com/en-us/azure/azure-monitor/reference/tables/databricksapps","","Yes","Yes","No","Yes"
"DatabricksBrickStoreHttpGateway","Reference for DatabricksBrickStoreHttpGateway table in Azure Monitor Logs.","Audit, Azure Resources","","","LogManagement","microsoft.databricks/workspaces","","Yes","No","No","Yes","No","No","https://learn.microsoft.com/en-us/azure/azure-monitor/reference/tables/databricksbrickstorehttpgateway","","Yes","Yes","No","Yes"
"DatabricksBudgetPolicyCentral","Reference for DatabricksBudgetPolicyCentral table in Azure Monitor Logs.","Audit, Azure Resources","","","LogManagement","microsoft.databricks/workspaces","","Yes","No","No","Yes","No","No","https://learn.microsoft.com/en-us/azure/azure-monitor/reference/tables/databricksbudgetpolicycentral","","Yes","Yes","No","Yes"
"DatabricksCapsule8Dataplane","Reference for DatabricksCapsule8Dataplane table in Azure Monitor Logs.","Azure Resources","","","LogManagement","microsoft.databricks/workspaces","","Yes","No","No","Yes","No","No","https://learn.microsoft.com/en-us/azure/azure-monitor/reference/tables/databrickscapsule8dataplane","","Yes","No","No","Yes"
"DatabricksClamAVScan","Reference for DatabricksClamAVScan table in Azure Monitor Logs.","Azure Resources","","","LogManagement","microsoft.databricks/workspaces","","Yes","No","No","Yes","No","No","https://learn.microsoft.com/en-us/azure/azure-monitor/reference/tables/databricksclamavscan","","Yes","No","No","Yes"
"DatabricksCloudStorageMetadata","Reference for DatabricksCloudStorageMetadata table in Azure Monitor Logs.","Audit, Azure Resources","","","LogManagement","microsoft.databricks/workspaces","","Yes","No","No","Yes","No","No","https://learn.microsoft.com/en-us/azure/azure-monitor/reference/tables/databrickscloudstoragemetadata","","Yes","Yes","No","Yes"
"DatabricksClusterLibraries","Reference for DatabricksClusterLibraries table in Azure Monitor Logs.","Azure Resources","","","LogManagement","microsoft.databricks/workspaces","","Yes","No","No","Yes","No","No","https://learn.microsoft.com/en-us/azure/azure-monitor/reference/tables/databricksclusterlibraries","","Yes","No","No","Yes"
"DatabricksClusterPolicies","Reference for DatabricksClusterPolicies table in Azure Monitor Logs.","Audit, Azure Resources","","","LogManagement","microsoft.databricks/workspaces","","Yes","No","No","Yes","No","No","https://learn.microsoft.com/en-us/azure/azure-monitor/reference/tables/databricksclusterpolicies","","Yes","Yes","No","Yes"
"DatabricksClusters","Reference for DatabricksClusters table in Azure Monitor Logs.","Azure Resources","","","LogManagement","microsoft.databricks/workspaces","","Yes","No","No","Yes","No","No","https://learn.microsoft.com/en-us/azure/azure-monitor/reference/tables/databricksclusters","","Yes","Yes","No","Yes"
"DatabricksDBFS","Reference for DatabricksDBFS table in Azure Monitor Logs.","Azure Resources","","","LogManagement","microsoft.databricks/workspaces","","Yes","No","No","Yes","No","No","https://learn.microsoft.com/en-us/azure/azure-monitor/reference/tables/databricksdbfs","","Yes","Yes","No","Yes"
"DatabricksDashboards","Reference for DatabricksDashboards table in Azure Monitor Logs.","Audit, Azure Resources","","","LogManagement","microsoft.databricks/workspaces","","Yes","No","No","Yes","No","No","https://learn.microsoft.com/en-us/azure/azure-monitor/reference/tables/databricksdashboards","","Yes","Yes","No","Yes"
"DatabricksDataMonitoring","Reference for DatabricksDataMonitoring table in Azure Monitor Logs.","Audit, Azure Resources","","","LogManagement","microsoft.databricks/workspaces","","Yes","No","No","Yes","No","No","https://learn.microsoft.com/en-us/azure/azure-monitor/reference/tables/databricksdatamonitoring","","Yes","Yes","No","Yes"
"DatabricksDataRooms","Reference for DatabricksDataRooms table in Azure Monitor Logs.","Audit, Azure Resources","","","LogManagement","microsoft.databricks/workspaces","","Yes","No","No","Yes","No","No","https://learn.microsoft.com/en-us/azure/azure-monitor/reference/tables/databricksdatarooms","","Yes","Yes","No","Yes"
"DatabricksDatabricksSQL","Reference for DatabricksDatabricksSQL table in Azure Monitor Logs.","Azure Resources","","","LogManagement","microsoft.databricks/workspaces","","Yes","No","No","Yes","No","No","https://learn.microsoft.com/en-us/azure/azure-monitor/reference/tables/databricksdatabrickssql","","Yes","No","No","Yes"
"DatabricksDeltaPipelines","Reference for DatabricksDeltaPipelines table in Azure Monitor Logs.","Azure Resources","","","LogManagement","microsoft.databricks/workspaces","","Yes","No","No","Yes","No","No","https://learn.microsoft.com/en-us/azure/azure-monitor/reference/tables/databricksdeltapipelines","","Yes","No","No","Yes"
"DatabricksFeatureStore","Reference for DatabricksFeatureStore table in Azure Monitor Logs.","Azure Resources","","","LogManagement","microsoft.databricks/workspaces","","Yes","No","No","Yes","No","No","https://learn.microsoft.com/en-us/azure/azure-monitor/reference/tables/databricksfeaturestore","","Yes","Yes","No","Yes"
"DatabricksFiles","Reference for DatabricksFiles table in Azure Monitor Logs.","Audit, Azure Resources","","","LogManagement","microsoft.databricks/workspaces","","Yes","No","No","Yes","No","No","https://learn.microsoft.com/en-us/azure/azure-monitor/reference/tables/databricksfiles","","Yes","Yes","No","Yes"
"DatabricksFilesystem","Reference for DatabricksFilesystem table in Azure Monitor Logs.","Audit, Azure Resources","","","LogManagement","microsoft.databricks/workspaces","","Yes","No","No","Yes","No","No","https://learn.microsoft.com/en-us/azure/azure-monitor/reference/tables/databricksfilesystem","","Yes","Yes","No","Yes"
"DatabricksGenie","Reference for DatabricksGenie table in Azure Monitor Logs.","Azure Resources","","","LogManagement","microsoft.databricks/workspaces","","Yes","No","No","Yes","No","No","https://learn.microsoft.com/en-us/azure/azure-monitor/reference/tables/databricksgenie","","Yes","Yes","No","Yes"
"DatabricksGitCredentials","Reference for DatabricksGitCredentials table in Azure Monitor Logs.","Azure Resources","","","LogManagement","microsoft.databricks/workspaces","","Yes","No","No","Yes","No","No","https://learn.microsoft.com/en-us/azure/azure-monitor/reference/tables/databricksgitcredentials","","Yes","No","No","Yes"
"DatabricksGlobalInitScripts","Reference for DatabricksGlobalInitScripts table in Azure Monitor Logs.","Azure Resources","","","LogManagement","microsoft.databricks/workspaces","","Yes","No","No","Yes","No","No","https://learn.microsoft.com/en-us/azure/azure-monitor/reference/tables/databricksglobalinitscripts","","Yes","Yes","No","Yes"
"DatabricksGroups","Reference for DatabricksGroups table in Azure Monitor Logs.","Audit, Azure Resources","","","LogManagement","microsoft.databricks/workspaces","","Yes","No","No","Yes","No","No","https://learn.microsoft.com/en-us/azure/azure-monitor/reference/tables/databricksgroups","","Yes","Yes","No","Yes"
"DatabricksIAMRole","Reference for DatabricksIAMRole table in Azure Monitor Logs.","Azure Resources","","","LogManagement","microsoft.databricks/workspaces","","Yes","No","No","Yes","No","No","https://learn.microsoft.com/en-us/azure/azure-monitor/reference/tables/databricksiamrole","","Yes","No","No","Yes"
"DatabricksIngestion","Reference for DatabricksIngestion table in Azure Monitor Logs.","Audit, Azure Resources","","","LogManagement","microsoft.databricks/workspaces","","Yes","No","No","Yes","No","No","https://learn.microsoft.com/en-us/azure/azure-monitor/reference/tables/databricksingestion","","Yes","Yes","No","Yes"
"DatabricksInstancePools","Reference for DatabricksInstancePools table in Azure Monitor Logs.","Azure Resources","","","LogManagement","microsoft.databricks/workspaces","","Yes","No","No","Yes","No","No","https://learn.microsoft.com/en-us/azure/azure-monitor/reference/tables/databricksinstancepools","","Yes","Yes","No","Yes"
"DatabricksJobs","Reference for DatabricksJobs table in Azure Monitor Logs.","Azure Resources","","","LogManagement","microsoft.databricks/workspaces","","Yes","No","No","Yes","No","No","https://learn.microsoft.com/en-us/azure/azure-monitor/reference/tables/databricksjobs","","Yes","Yes","No","Yes"
"DatabricksLakeviewConfig","Reference for DatabricksLakeviewConfig table in Azure Monitor Logs.","Audit, Azure Resources","","","LogManagement","microsoft.databricks/workspaces","","Yes","No","No","Yes","No","No","https://learn.microsoft.com/en-us/azure/azure-monitor/reference/tables/databrickslakeviewconfig","","Yes","Yes","No","Yes"
"DatabricksLineageTracking","Reference for DatabricksLineageTracking table in Azure Monitor Logs.","Audit, Azure Resources","","","LogManagement","microsoft.databricks/workspaces","","Yes","No","No","Yes","No","No","https://learn.microsoft.com/en-us/azure/azure-monitor/reference/tables/databrickslineagetracking","","Yes","Yes","No","Yes"
"DatabricksMLflowAcledArtifact","Reference for DatabricksMLflowAcledArtifact table in Azure Monitor Logs.","Azure Resources","","","LogManagement","microsoft.databricks/workspaces","","Yes","No","No","Yes","No","No","https://learn.microsoft.com/en-us/azure/azure-monitor/reference/tables/databricksmlflowacledartifact","","Yes","Yes","No","Yes"
"DatabricksMLflowExperiment","Reference for DatabricksMLflowExperiment table in Azure Monitor Logs.","Azure Resources","","","LogManagement","microsoft.databricks/workspaces","","Yes","No","No","Yes","No","No","https://learn.microsoft.com/en-us/azure/azure-monitor/reference/tables/databricksmlflowexperiment","","Yes","Yes","No","Yes"
"DatabricksMarketplaceConsumer","Reference for DatabricksMarketplaceConsumer table in Azure Monitor Logs.","Audit, Azure Resources","","","LogManagement","microsoft.databricks/workspaces","","Yes","No","No","Yes","No","No","https://learn.microsoft.com/en-us/azure/azure-monitor/reference/tables/databricksmarketplaceconsumer","","Yes","Yes","No","Yes"
"DatabricksMarketplaceProvider","Reference for DatabricksMarketplaceProvider table in Azure Monitor Logs.","Audit, Azure Resources","","","LogManagement","microsoft.databricks/workspaces","","Yes","No","No","Yes","No","No","https://learn.microsoft.com/en-us/azure/azure-monitor/reference/tables/databricksmarketplaceprovider","","Yes","Yes","No","Yes"
"DatabricksModelRegistry","Reference for DatabricksModelRegistry table in Azure Monitor Logs.","Azure Resources","","","LogManagement","microsoft.databricks/workspaces","","Yes","No","No","Yes","No","No","https://learn.microsoft.com/en-us/azure/azure-monitor/reference/tables/databricksmodelregistry","","Yes","No","No","Yes"
"DatabricksNotebook","Reference for DatabricksNotebook table in Azure Monitor Logs.","Azure Resources","","","LogManagement","microsoft.databricks/workspaces","","Yes","No","No","Yes","No","No","https://learn.microsoft.com/en-us/azure/azure-monitor/reference/tables/databricksnotebook","","Yes","Yes","No","Yes"
"DatabricksOnlineTables","Reference for DatabricksOnlineTables table in Azure Monitor Logs.","Audit, Azure Resources","","","LogManagement","microsoft.databricks/workspaces","","Yes","No","No","Yes","No","No","https://learn.microsoft.com/en-us/azure/azure-monitor/reference/tables/databricksonlinetables","","Yes","Yes","No","Yes"
"DatabricksPartnerHub","Reference for DatabricksPartnerHub table in Azure Monitor Logs.","Azure Resources","","","LogManagement","microsoft.databricks/workspaces","","Yes","No","No","Yes","No","No","https://learn.microsoft.com/en-us/azure/azure-monitor/reference/tables/databrickspartnerhub","","Yes","No","No","Yes"
"DatabricksPredictiveOptimization","Reference for DatabricksPredictiveOptimization table in Azure Monitor Logs.","Audit, Azure Resources","","","LogManagement","microsoft.databricks/workspaces","","Yes","No","No","Yes","No","No","https://learn.microsoft.com/en-us/azure/azure-monitor/reference/tables/databrickspredictiveoptimization","","Yes","Yes","No","Yes"
"DatabricksRBAC","Reference for DatabricksRBAC table in Azure Monitor Logs.","Audit, Azure Resources","","","LogManagement","microsoft.databricks/workspaces","","Yes","No","No","Yes","No","No","https://learn.microsoft.com/en-us/azure/azure-monitor/reference/tables/databricksrbac","","Yes","Yes","No","Yes"
"DatabricksRFA","Reference for DatabricksRFA table in Azure Monitor Logs.","Audit, Azure Resources","","","LogManagement","microsoft.databricks/workspaces","","Yes","No","No","Yes","No","No","https://learn.microsoft.com/en-us/azure/azure-monitor/reference/tables/databricksrfa","","Yes","Yes","No","Yes"
"DatabricksRemoteHistoryService","Reference for DatabricksRemoteHistoryService table in Azure Monitor Logs.","Azure Resources","","","LogManagement","microsoft.databricks/workspaces","","Yes","No","No","Yes","No","No","https://learn.microsoft.com/en-us/azure/azure-monitor/reference/tables/databricksremotehistoryservice","","Yes","Yes","No","Yes"
"DatabricksRepos","Reference for DatabricksRepos table in Azure Monitor Logs.","Azure Resources","","","LogManagement","microsoft.databricks/workspaces","","Yes","No","No","Yes","No","No","https://learn.microsoft.com/en-us/azure/azure-monitor/reference/tables/databricksrepos","","Yes","No","No","Yes"
"DatabricksSQL","Reference for DatabricksSQL table in Azure Monitor Logs.","-","","","LogManagement","microsoft.databricks/workspaces","","Yes","No","No","Yes","No","No","https://learn.microsoft.com/en-us/azure/azure-monitor/reference/tables/databrickssql","","Yes","No","No","Yes"
"DatabricksSQLPermissions","Reference for DatabricksSQLPermissions table in Azure Monitor Logs.","Azure Resources","","","LogManagement","microsoft.databricks/workspaces","","Yes","No","No","Yes","No","No","https://learn.microsoft.com/en-us/azure/azure-monitor/reference/tables/databrickssqlpermissions","","Yes","Yes","No","Yes"
"DatabricksSSH","Reference for DatabricksSSH table in Azure Monitor Logs.","Azure Resources","","","LogManagement","microsoft.databricks/workspaces","","Yes","No","No","Yes","No","No","https://learn.microsoft.com/en-us/azure/azure-monitor/reference/tables/databricksssh","","Yes","Yes","No","Yes"
"DatabricksSecrets","Reference for DatabricksSecrets table in Azure Monitor Logs.","Azure Resources","","","LogManagement","microsoft.databricks/workspaces","","Yes","No","No","Yes","No","No","https://learn.microsoft.com/en-us/azure/azure-monitor/reference/tables/databrickssecrets","","Yes","Yes","No","Yes"
"DatabricksServerlessRealTimeInference","Reference for DatabricksServerlessRealTimeInference table in Azure Monitor Logs.","Azure Resources","","","LogManagement","microsoft.databricks/workspaces","","Yes","No","No","Yes","No","No","https://learn.microsoft.com/en-us/azure/azure-monitor/reference/tables/databricksserverlessrealtimeinference","","Yes","No","No","Yes"
"DatabricksTables","Reference for DatabricksTables table in Azure Monitor Logs.","Azure Resources","","","LogManagement","microsoft.databricks/workspaces","","Yes","No","No","Yes","No","No","https://learn.microsoft.com/en-us/azure/azure-monitor/reference/tables/databrickstables","","No","No","No","No"
"DatabricksUnityCatalog","Reference for DatabricksUnityCatalog table in Azure Monitor Logs.","Azure Resources","","","LogManagement","microsoft.databricks/workspaces","","Yes","No","No","Yes","No","No","https://learn.microsoft.com/en-us/azure/azure-monitor/reference/tables/databricksunitycatalog","","Yes","No","No","Yes"
"DatabricksVectorSearch","Reference for DatabricksVectorSearch table in Azure Monitor Logs.","Audit, Azure Resources","","","LogManagement","microsoft.databricks/workspaces","","Yes","No","No","Yes","No","No","https://learn.microsoft.com/en-us/azure/azure-monitor/reference/tables/databricksvectorsearch","","Yes","Yes","No","Yes"
"DatabricksWebTerminal","Reference for DatabricksWebTerminal table in Azure Monitor Logs.","Azure Resources","","","LogManagement","microsoft.databricks/workspaces","","Yes","No","No","Yes","No","No","https://learn.microsoft.com/en-us/azure/azure-monitor/reference/tables/databrickswebterminal","","Yes","No","No","Yes"
"DatabricksWebhookNotifications","Reference for DatabricksWebhookNotifications table in Azure Monitor Logs.","Audit, Azure Resources","","","LogManagement","microsoft.databricks/workspaces","","Yes","No","No","Yes","No","No","https://learn.microsoft.com/en-us/azure/azure-monitor/reference/tables/databrickswebhooknotifications","","Yes","Yes","No","Yes"
"DatabricksWorkspace","Reference for DatabricksWorkspace table in Azure Monitor Logs.","Azure Resources","","","LogManagement","microsoft.databricks/workspaces","","Yes","No","No","Yes","No","No","https://learn.microsoft.com/en-us/azure/azure-monitor/reference/tables/databricksworkspace","","Yes","Yes","No","Yes"
"DatabricksWorkspaceFiles","Reference for DatabricksWorkspaceFiles table in Azure Monitor Logs.","Audit, Azure Resources","","","LogManagement","microsoft.databricks/workspaces","","Yes","No","No","Yes","No","No","https://learn.microsoft.com/en-us/azure/azure-monitor/reference/tables/databricksworkspacefiles","","Yes","Yes","No","Yes"
"DataminrPulse_Alerts_CL","","","","","","","","No","No","No","No","No","Yes","","","","No","Yes","No"
"DataverseActivity","Reference for DataverseActivity table in Azure Monitor Logs.","Audit, Security","","","SecurityInsights","-","","Yes","No","No","Yes","No","Yes","https://learn.microsoft.com/en-us/azure/azure-monitor/reference/tables/dataverseactivity","","Yes","Yes","No","Yes"
"DefenderIoTRawEvent","Reference for DefenderIoTRawEvent table in Azure Monitor Logs.","-","","","AzureSecurityOfThings","-","","Yes","No","No","Yes","No","No","https://learn.microsoft.com/en-us/azure/azure-monitor/reference/tables/defenderiotrawevent","","No","No","No","No"
"Detections_Data_CL","","","","","","","","No","No","No","No","No","Yes","","","","Yes","Yes","Yes"
"DevCenterAgentHealthLogs","Reference for DevCenterAgentHealthLogs table in Azure Monitor Logs.","Azure Resources","","","LogManagement","microsoft.devcenter/devcenters","","Yes","No","No","Yes","No","No","https://learn.microsoft.com/en-us/azure/azure-monitor/reference/tables/devcenteragenthealthlogs","","Yes","Yes","No","Yes"
"DevCenterBillingEventLogs","Reference for DevCenterBillingEventLogs table in Azure Monitor Logs.","Azure Resources","","","LogManagement","microsoft.devcenter/devcenters","","Yes","No","No","Yes","No","No","https://learn.microsoft.com/en-us/azure/azure-monitor/reference/tables/devcenterbillingeventlogs","","Yes","Yes","No","Yes"
"DevCenterConnectionLogs","Reference for DevCenterConnectionLogs table in Azure Monitor Logs.","Audit, Azure Resources","","","LogManagement","microsoft.devcenter/devcenters","","Yes","No","No","Yes","No","No","https://learn.microsoft.com/en-us/azure/azure-monitor/reference/tables/devcenterconnectionlogs","","Yes","Yes","No","Yes"
"DevCenterDiagnosticLogs","Reference for DevCenterDiagnosticLogs table in Azure Monitor Logs.","Audit, Azure Resources","","","LogManagement","microsoft.devcenter/devcenters","","Yes","No","No","Yes","No","No","https://learn.microsoft.com/en-us/azure/azure-monitor/reference/tables/devcenterdiagnosticlogs","","Yes","Yes","No","Yes"
"DevCenterResourceOperationLogs","Reference for DevCenterResourceOperationLogs table in Azure Monitor Logs.","Azure Resources","","","LogManagement","microsoft.devcenter/devcenters","","Yes","No","No","Yes","No","No","https://learn.microsoft.com/en-us/azure/azure-monitor/reference/tables/devcenterresourceoperationlogs","","Yes","Yes","No","Yes"
"DevOpsOperationsAudit","Reference for DevOpsOperationsAudit table in Azure Monitor Logs.","Audit","","","LogManagement","microsoft.sql/servers","","Yes","No","No","Yes","No","No","https://learn.microsoft.com/en-us/azure/azure-monitor/reference/tables/devopsoperationsaudit","","No","No","No","No"
"DeviceAppCrash","Reference for DeviceAppCrash table in Azure Monitor Logs.","MDE","","","SurfaceHub","-","","Yes","No","No","Yes","No","No","https://learn.microsoft.com/en-us/azure/azure-monitor/reference/tables/deviceappcrash","","No","No","No","No"
"DeviceAppLaunch","Reference for DeviceAppLaunch table in Azure Monitor Logs.","MDE","","Defender","SurfaceHub","-","","Yes","No","No","Yes","No","No","https://learn.microsoft.com/en-us/azure/azure-monitor/reference/tables/deviceapplaunch","","No","No","No","No"
"DeviceBaselineComplianceAssessment","Baseline compliance assessment snapshot, which indicates the status of various security configurations related to baseline profiles on devices","MDE","","","","","","No","Yes","Yes","No","No","No","","https://learn.microsoft.com/en-us/defender-xdr/advanced-hunting-devicebaselinecomplianceassessment-table","","","No",""
"DeviceBaselineComplianceAssessmentKB","Information about various security configurations used by baseline compliance to assess devices","MDE","","","","","","No","Yes","Yes","No","No","No","","https://learn.microsoft.com/en-us/defender-xdr/advanced-hunting-devicebaselinecomplianceassessmentkb-table","","","No",""
"DeviceBaselineComplianceProfiles","Baseline profiles used for monitoring device baseline compliance","MDE","","","","","","No","Yes","Yes","No","No","No","","https://learn.microsoft.com/en-us/defender-xdr/advanced-hunting-devicebaselinecomplianceprofiles-table","","","No",""
"DeviceBehaviorEntities","Reference for DeviceBehaviorEntities table in Azure Monitor Logs.","MDE","","Defender","LogManagement","-","","Yes","No","No","Yes","No","No","https://learn.microsoft.com/en-us/azure/azure-monitor/reference/tables/devicebehaviorentities","","Yes","Yes","No","Yes"
"DeviceBehaviorInfo","Reference for DeviceBehaviorInfo table in Azure Monitor Logs.","MDE","","Defender","LogManagement","-","","Yes","No","No","Yes","No","No","https://learn.microsoft.com/en-us/azure/azure-monitor/reference/tables/devicebehaviorinfo","","Yes","Yes","No","Yes"
"DeviceCalendar","Reference for DeviceCalendar table in Azure Monitor Logs.","MDE","","Defender","SurfaceHub","-","","Yes","No","No","Yes","No","No","https://learn.microsoft.com/en-us/azure/azure-monitor/reference/tables/devicecalendar","","No","No","No","No"
"DeviceCleanup","Reference for DeviceCleanup table in Azure Monitor Logs.","MDE","","","SurfaceHub","-","","Yes","No","No","Yes","No","No","https://learn.microsoft.com/en-us/azure/azure-monitor/reference/tables/devicecleanup","","No","No","No","No"
"DeviceConnectSession","Reference for DeviceConnectSession table in Azure Monitor Logs.","MDE","","Defender","SurfaceHub","-","","Yes","No","No","Yes","No","No","https://learn.microsoft.com/en-us/azure/azure-monitor/reference/tables/deviceconnectsession","","No","No","No","No"
"DeviceCustomFileEvents","Reference for DeviceCustomFileEvents table in Azure Monitor Logs.","MDE","","Defender","LogManagement","-","","Yes","No","No","Yes","No","No","https://learn.microsoft.com/en-us/azure/azure-monitor/reference/tables/devicecustomfileevents","","Yes","Yes","No","Yes"
"DeviceCustomImageLoadEvents","Reference for DeviceCustomImageLoadEvents table in Azure Monitor Logs.","MDE","","Defender","LogManagement","-","","Yes","No","No","Yes","No","No","https://learn.microsoft.com/en-us/azure/azure-monitor/reference/tables/devicecustomimageloadevents","","Yes","No","No","Yes"
"DeviceCustomNetworkEvents","Reference for DeviceCustomNetworkEvents table in Azure Monitor Logs.","MDE","","Defender","LogManagement","-","","Yes","No","No","Yes","No","No","https://learn.microsoft.com/en-us/azure/azure-monitor/reference/tables/devicecustomnetworkevents","","Yes","Yes","No","Yes"
"DeviceCustomProcessEvents","Reference for DeviceCustomProcessEvents table in Azure Monitor Logs.","MDE","","Defender","LogManagement","-","","Yes","No","No","Yes","No","No","https://learn.microsoft.com/en-us/azure/azure-monitor/reference/tables/devicecustomprocessevents","","Yes","No","No","Yes"
"DeviceCustomRegistryEvents","Reference for DeviceCustomRegistryEvents table in Azure Monitor Logs.","MDE","","","LogManagement","-","","Yes","No","No","Yes","No","No","https://learn.microsoft.com/en-us/azure/azure-monitor/reference/tables/devicecustomregistryevents","","Yes","No","No","Yes"
"DeviceCustomScriptEvents","Reference for DeviceCustomScriptEvents table in Azure Monitor Logs.","MDE","","Defender","LogManagement","-","","Yes","No","No","Yes","No","No","https://learn.microsoft.com/en-us/azure/azure-monitor/reference/tables/devicecustomscriptevents","","Yes","Yes","No","Yes"
"DeviceEtw","Reference for DeviceEtw table in Azure Monitor Logs.","MDE","","Defender","SurfaceHub","-","","Yes","No","No","Yes","No","No","https://learn.microsoft.com/en-us/azure/azure-monitor/reference/tables/deviceetw","","No","No","No","No"
"DeviceEvents","Multiple event types, including events triggered by security controls such as Microsoft Defender Antivirus and exploit protection","MDE","","","SecurityInsights","-","","Yes","Yes","No","Yes","No","Yes","https://learn.microsoft.com/en-us/azure/azure-monitor/reference/tables/deviceevents","https://learn.microsoft.com/en-us/defender-xdr/advanced-hunting-deviceevents-table","Yes","Yes","No","Yes"
"DeviceFileCertificateInfo","Certificate information of signed files obtained from certificate verification events on endpoints","MDE","","","SecurityInsights","-","","Yes","Yes","No","Yes","No","No","https://learn.microsoft.com/en-us/azure/azure-monitor/reference/tables/devicefilecertificateinfo","https://learn.microsoft.com/en-us/defender-xdr/advanced-hunting-DeviceFileCertificateInfo-table","Yes","Yes","No","Yes"
"DeviceFileEvents","File creation, modification, and other file system events","MDE","","","SecurityInsights","-","","Yes","Yes","No","Yes","No","No","https://learn.microsoft.com/en-us/azure/azure-monitor/reference/tables/devicefileevents","https://learn.microsoft.com/en-us/defender-xdr/advanced-hunting-devicefileevents-table","Yes","Yes","No","Yes"
"DeviceHardwareHealth","Reference for DeviceHardwareHealth table in Azure Monitor Logs.","MDE","","","SurfaceHub","-","","Yes","No","No","Yes","No","No","https://learn.microsoft.com/en-us/azure/azure-monitor/reference/tables/devicehardwarehealth","","No","No","No","No"
"DeviceHealth","Reference for DeviceHealth table in Azure Monitor Logs.","MDE","","Defender","SurfaceHub","-","","Yes","No","No","Yes","No","No","https://learn.microsoft.com/en-us/azure/azure-monitor/reference/tables/devicehealth","","No","No","No","No"
"DeviceHeartbeat","Reference for DeviceHeartbeat table in Azure Monitor Logs.","MDE","","Defender","SurfaceHub","-","","Yes","No","No","Yes","No","No","https://learn.microsoft.com/en-us/azure/azure-monitor/reference/tables/deviceheartbeat","","No","No","No","No"
"DeviceImageLoadEvents","DLL loading events","MDE","","","SecurityInsights","-","","Yes","Yes","No","Yes","No","No","https://learn.microsoft.com/en-us/azure/azure-monitor/reference/tables/deviceimageloadevents","https://learn.microsoft.com/en-us/defender-xdr/advanced-hunting-deviceimageloadevents-table","Yes","Yes","No","Yes"
"DeviceInfo","Machine information, including OS information","MDE","","","SecurityInsights","-","","Yes","Yes","No","Yes","No","No","https://learn.microsoft.com/en-us/azure/azure-monitor/reference/tables/deviceinfo","https://learn.microsoft.com/en-us/defender-xdr/advanced-hunting-deviceinfo-table","Yes","Yes","No","Yes"
"DeviceLogonEvents","Sign-ins and other authentication events on devices","MDE","","","SecurityInsights","-","","Yes","Yes","No","Yes","No","No","https://learn.microsoft.com/en-us/azure/azure-monitor/reference/tables/devicelogonevents","https://learn.microsoft.com/en-us/defender-xdr/advanced-hunting-devicelogonevents-table","Yes","Yes","No","Yes"
"DeviceNetworkEvents","Network connection and related events","MDE","","","SecurityInsights","-","","Yes","Yes","No","Yes","No","No","https://learn.microsoft.com/en-us/azure/azure-monitor/reference/tables/devicenetworkevents","https://learn.microsoft.com/en-us/defender-xdr/advanced-hunting-devicenetworkevents-table","Yes","Yes","No","Yes"
"DeviceNetworkInfo","Network properties of devices, including physical adapters, IP and MAC addresses, as well as connected networks and domains","MDE","","","SecurityInsights","-","","Yes","Yes","No","Yes","No","No","https://learn.microsoft.com/en-us/azure/azure-monitor/reference/tables/devicenetworkinfo","https://learn.microsoft.com/en-us/defender-xdr/advanced-hunting-devicenetworkinfo-table","Yes","Yes","No","Yes"
"DeviceProcessEvents","Process creation and related events","MDE","","","SecurityInsights","-","","Yes","Yes","No","Yes","No","No","https://learn.microsoft.com/en-us/azure/azure-monitor/reference/tables/deviceprocessevents","https://learn.microsoft.com/en-us/defender-xdr/advanced-hunting-deviceprocessevents-table","Yes","Yes","No","Yes"
"DeviceRegistryEvents","Creation and modification of registry entries","MDE","","","SecurityInsights","-","","Yes","Yes","No","Yes","No","No","https://learn.microsoft.com/en-us/azure/azure-monitor/reference/tables/deviceregistryevents","https://learn.microsoft.com/en-us/defender-xdr/advanced-hunting-deviceregistryevents-table","Yes","Yes","No","Yes"
"DeviceSkypeHeartbeat","Reference for DeviceSkypeHeartbeat table in Azure Monitor Logs.","MDE","","","SurfaceHub","-","","Yes","No","No","Yes","No","No","https://learn.microsoft.com/en-us/azure/azure-monitor/reference/tables/deviceskypeheartbeat","","No","No","No","No"
"DeviceSkypeSignIn","Reference for DeviceSkypeSignIn table in Azure Monitor Logs.","MDE","","","SurfaceHub","-","","Yes","No","No","Yes","No","No","https://learn.microsoft.com/en-us/azure/azure-monitor/reference/tables/deviceskypesignin","","No","No","No","No"
"DeviceTvmBrowserExtensions","Browser extension installations found on devices from Microsoft Defender Vulnerability Management","MDE","","","","","","No","Yes","Yes","No","No","No","","https://learn.microsoft.com/en-us/defender-xdr/advanced-hunting-devicetvmbrowserextensions-table","","","No",""
"DeviceTvmBrowserExtensionsKB","Browser extension details and permission information used in the Microsoft Defender Vulnerability Management browser extensions page","MDE","","","","","","No","Yes","Yes","No","No","No","","https://learn.microsoft.com/en-us/defender-xdr/advanced-hunting-devicetvmbrowserextensionskb-table","","","No",""
"DeviceTvmCertificateInfo","Certificate information for devices in the organization from Microsoft Defender Vulnerability Management","MDE","","","","","","No","Yes","Yes","No","No","No","","https://learn.microsoft.com/en-us/defender-xdr/advanced-hunting-devicetvmcertificateinfo-table","","","No",""
"DeviceTvmHardwareFirmware","Hardware and firmware information of devices as checked by Defender Vulnerability Management","MDE","","","","","","No","Yes","Yes","No","No","No","","https://learn.microsoft.com/en-us/defender-xdr/advanced-hunting-devicetvmhardwarefirmware-table","","","No",""
"DeviceTvmInfoGathering","Defender Vulnerability Management assessment events including configuration and attack surface area states","MDE","","","","","","No","Yes","Yes","No","No","No","","https://learn.microsoft.com/en-us/defender-xdr/advanced-hunting-devicetvminfogathering-table","","","No",""
"DeviceTvmInfoGatheringKB","Metadata for assessment events collected in the `DeviceTvmInfogathering` table","MDE","","","","","","No","Yes","Yes","No","No","No","","https://learn.microsoft.com/en-us/defender-xdr/advanced-hunting-devicetvminfogatheringkb-table","","","No",""
"DeviceTvmSecureConfigurationAssessment","Microsoft Defender Vulnerability Management assessment events, indicating the status of various security configurations on devices","MDE","","","SecurityInsights","-","","Yes","Yes","No","Yes","No","No","https://learn.microsoft.com/en-us/azure/azure-monitor/reference/tables/devicetvmsecureconfigurationassessment","https://learn.microsoft.com/en-us/defender-xdr/advanced-hunting-devicetvmsecureconfigurationassessment-table","Yes","Yes","No","Yes"
"DeviceTvmSecureConfigurationAssessmentKB","Knowledge base of various security configurations used by Microsoft Defender Vulnerability Management to assess devices; includes mappings to various standards and benchmarks","MDE","","","SecurityInsights","-","","Yes","Yes","No","Yes","Yes","No","https://learn.microsoft.com/en-us/azure/azure-monitor/reference/tables/devicetvmsecureconfigurationassessmentkb","https://learn.microsoft.com/en-us/defender-xdr/advanced-hunting-devicetvmsecureconfigurationassessmentkb-table","Yes","Yes","Yes","Yes"
"DeviceTvmSoftwareEvidenceBeta","Evidence info about where a specific software was detected on a device","MDE","","","","","","No","Yes","Yes","No","No","No","","https://learn.microsoft.com/en-us/defender-xdr/advanced-hunting-devicetvmsoftwareevidencebeta-table","","","No",""
"DeviceTvmSoftwareInventory","Inventory of software installed on devices, including their version information and end-of-support status","MDE","","","SecurityInsights","-","","Yes","Yes","No","Yes","No","No","https://learn.microsoft.com/en-us/azure/azure-monitor/reference/tables/devicetvmsoftwareinventory","https://learn.microsoft.com/en-us/defender-xdr/advanced-hunting-devicetvmsoftwareinventory-table","Yes","Yes","No","Yes"
"DeviceTvmSoftwareVulnerabilities","Software vulnerabilities found on devices and the list of available security updates that address each vulnerability","MDE","","","SecurityInsights","-","","Yes","Yes","No","Yes","No","No","https://learn.microsoft.com/en-us/azure/azure-monitor/reference/tables/devicetvmsoftwarevulnerabilities","https://learn.microsoft.com/en-us/defender-xdr/advanced-hunting-devicetvmsoftwarevulnerabilities-table","Yes","Yes","No","Yes"
"DeviceTvmSoftwareVulnerabilitiesKB","Knowledge base of publicly disclosed vulnerabilities, including whether exploit code is publicly available","MDE","","","SecurityInsights","-","","Yes","Yes","No","Yes","Yes","No","https://learn.microsoft.com/en-us/azure/azure-monitor/reference/tables/devicetvmsoftwarevulnerabilitieskb","https://learn.microsoft.com/en-us/defender-xdr/advanced-hunting-devicetvmsoftwarevulnerabilitieskb-table","Yes","Yes","Yes","Yes"
"DigitalShadows_CL","","","","","","","","No","No","No","No","No","Yes","","","","Yes","Yes","Yes"
"DiscoveryBookshelfAuditLogs","Reference for DiscoveryBookshelfAuditLogs table in Azure Monitor Logs.","Audit","","","LogManagement","microsoft.discovery/bookshelves","","Yes","No","No","Yes","No","No","https://learn.microsoft.com/en-us/azure/azure-monitor/reference/tables/discoverybookshelfauditlogs","","Yes","No","No","Yes"
"DiscoverySupercomputerAuditLogs","Reference for DiscoverySupercomputerAuditLogs table in Azure Monitor Logs.","Audit","","","LogManagement","microsoft.discovery/supercomputers","","Yes","No","No","Yes","No","No","https://learn.microsoft.com/en-us/azure/azure-monitor/reference/tables/discoverysupercomputerauditlogs","","Yes","No","No","Yes"
"DiscoveryWorkspaceAuditLogs","Reference for DiscoveryWorkspaceAuditLogs table in Azure Monitor Logs.","Audit","","","LogManagement","microsoft.discovery/workspaces","","Yes","No","No","Yes","No","No","https://learn.microsoft.com/en-us/azure/azure-monitor/reference/tables/discoveryworkspaceauditlogs","","Yes","No","No","Yes"
"DisruptionAndResponseEvents","[Automatic attack disruption](automatic-attack-disruption.md) events in Microsoft Defender XDR","Security, XDR","","","SecurityInsights","-","","Yes","Yes","No","Yes","No","No","https://learn.microsoft.com/en-us/azure/azure-monitor/reference/tables/disruptionandresponseevents","https://learn.microsoft.com/en-us/defender-xdr/advanced-hunting-disruptionandresponseevents-table","Yes","Yes","No","Yes"
"DnsAuditEvents","Reference for DnsAuditEvents table in Azure Monitor Logs.","Security","","","SecurityInsights","microsoft.securityinsights/securityinsights","","Yes","No","No","Yes","Yes","No","https://learn.microsoft.com/en-us/azure/azure-monitor/reference/tables/dnsauditevents","","Yes","Yes","Yes","Yes"
"DnsEvents","Reference for DnsEvents table in Azure Monitor Logs.","Network","","","DnsAnalytics, SecurityInsights","microsoft.compute/virtualmachines, microsoft.conenctedvmwarevsphere/virtualmachines, microsoft.azurestackhci/virtualmachines, microsoft.scvmm/virtualmachines","","Yes","No","No","Yes","No","Yes","https://learn.microsoft.com/en-us/azure/azure-monitor/reference/tables/dnsevents","","No","Yes","No","Yes"
"DnsInventory","Reference for DnsInventory table in Azure Monitor Logs.","Network","","","DnsAnalytics, SecurityInsights","microsoft.compute/virtualmachines, microsoft.conenctedvmwarevsphere/virtualmachines, microsoft.azurestackhci/virtualmachines, microsoft.scvmm/virtualmachines","","Yes","No","No","Yes","No","Yes","https://learn.microsoft.com/en-us/azure/azure-monitor/reference/tables/dnsinventory","","No","Yes","No","Yes"
"DoppelTable_CL","","","","","","","","No","No","No","No","No","Yes","","","","No","Yes","No"
"DragosAlerts_CL","","","","","","","","No","No","No","No","No","Yes","","","","Yes","Yes","Yes"
"DruvaSecurityEvents_CL","","","","","","","","No","No","No","No","No","Yes","","","","Yes","Yes","Yes"
"DurableTaskSchedulerLogs","Reference for DurableTaskSchedulerLogs table in Azure Monitor Logs.","Audit, Azure Resources","","","LogManagement","microsoft.durabletask/schedulers","","Yes","No","No","Yes","No","No","https://learn.microsoft.com/en-us/azure/azure-monitor/reference/tables/durabletaskschedulerlogs","","Yes","No","No","Yes"
"DynamicEventCollection","Reference for DynamicEventCollection table in Azure Monitor Logs.","Security","","","AzureSentinelDSRE","-","","Yes","No","No","Yes","No","No","https://learn.microsoft.com/en-us/azure/azure-monitor/reference/tables/dynamiceventcollection","","Yes","Yes","No","Yes"
"DynamicSummary","Reference for DynamicSummary table in Azure Monitor Logs.","-","","","SecurityInsights","-","","Yes","No","No","Yes","No","No","https://learn.microsoft.com/en-us/azure/azure-monitor/reference/tables/dynamicsummary","","No","No","No","No"
"Dynamics365Activity","Reference for Dynamics365Activity table in Azure Monitor Logs.","-","","","SecurityInsights","-","","Yes","No","No","Yes","No","Yes","https://learn.microsoft.com/en-us/azure/azure-monitor/reference/tables/dynamics365activity","","No","Yes","No","No"
"DynatraceAttacksV2_CL","","","","","","","","No","No","No","No","No","Yes","","","","No","Yes","No"
"DynatraceAttacks_CL","","","","","","","","No","No","No","No","No","Yes","","","","No","Yes","No"
"DynatraceAuditLogsV2_CL","","","","","","","","No","No","No","No","No","Yes","","","","No","Yes","No"
"DynatraceAuditLogs_CL","","","","","","","","No","No","No","No","No","Yes","","","","Yes","Yes","Yes"
"DynatraceProblemsV2_CL","","","","","","","","No","No","No","No","No","Yes","","","","No","Yes","No"
"DynatraceProblems_CL","","","","","","","","No","No","No","No","No","Yes","","","","No","Yes","No"
"DynatraceSecurityProblemsV2_CL","","","","","","","","No","No","No","No","No","Yes","","","","Yes","Yes","Yes"
"DynatraceSecurityProblems_CL","","","","","","","","No","No","No","No","No","Yes","","","","No","Yes","No"
"EGNFailedHttpDataPlaneOperations","Reference for EGNFailedHttpDataPlaneOperations table in Azure Monitor Logs.","Azure Resources","","","LogManagement","microsoft.eventgrid/namespaces","","Yes","No","No","Yes","No","No","https://learn.microsoft.com/en-us/azure/azure-monitor/reference/tables/egnfailedhttpdataplaneoperations","","Yes","Yes","No","Yes"
"EGNFailedMqttConnections","Reference for EGNFailedMqttConnections table in Azure Monitor Logs.","Azure Resources","","","LogManagement","microsoft.eventgrid/namespaces","","Yes","No","No","Yes","No","No","https://learn.microsoft.com/en-us/azure/azure-monitor/reference/tables/egnfailedmqttconnections","","No","Yes","No","Yes"
"EGNFailedMqttPublishedMessages","Reference for EGNFailedMqttPublishedMessages table in Azure Monitor Logs.","Azure Resources","","","LogManagement","microsoft.eventgrid/namespaces","","Yes","No","No","Yes","No","No","https://learn.microsoft.com/en-us/azure/azure-monitor/reference/tables/egnfailedmqttpublishedmessages","","No","Yes","No","Yes"
"EGNFailedMqttSubscriptions","Reference for EGNFailedMqttSubscriptions table in Azure Monitor Logs.","Azure Resources","","","LogManagement","microsoft.eventgrid/namespaces","","Yes","No","No","Yes","No","No","https://learn.microsoft.com/en-us/azure/azure-monitor/reference/tables/egnfailedmqttsubscriptions","","No","Yes","No","Yes"
"EGNMqttDisconnections","Reference for EGNMqttDisconnections table in Azure Monitor Logs.","Azure Resources","","","LogManagement","microsoft.eventgrid/namespaces","","Yes","No","No","Yes","No","No","https://learn.microsoft.com/en-us/azure/azure-monitor/reference/tables/egnmqttdisconnections","","No","Yes","No","Yes"
"EGNSuccessfulHttpDataPlaneOperations","Reference for EGNSuccessfulHttpDataPlaneOperations table in Azure Monitor Logs.","Azure Resources","","","LogManagement","microsoft.eventgrid/namespaces","","Yes","No","No","Yes","No","No","https://learn.microsoft.com/en-us/azure/azure-monitor/reference/tables/egnsuccessfulhttpdataplaneoperations","","Yes","Yes","No","Yes"
"EGNSuccessfulMqttConnections","Reference for EGNSuccessfulMqttConnections table in Azure Monitor Logs.","Audit, Azure Resources","","","LogManagement","microsoft.eventgrid/namespaces","","Yes","No","No","Yes","No","No","https://learn.microsoft.com/en-us/azure/azure-monitor/reference/tables/egnsuccessfulmqttconnections","","No","Yes","No","Yes"
"ESIExchangeConfig_CL","","","","","","","","No","No","No","No","No","Yes","","","","No","Yes","No"
"ESIExchangeOnlineConfig_CL","","","","","","","","No","No","No","No","No","Yes","","","","No","Yes","No"
"ETWEvent","Reference for ETWEvent table in Azure Monitor Logs.","Virtual Machines","","","LogManagement","-","","Yes","No","No","Yes","No","No","https://learn.microsoft.com/en-us/azure/azure-monitor/reference/tables/etwevent","","No","No","No","No"
"EdgeActionConsoleLog","Reference for EdgeActionConsoleLog table in Azure Monitor Logs.","Audit","","","LogManagement","microsoft.cdn/edgeactions","","Yes","No","No","Yes","No","No","https://learn.microsoft.com/en-us/azure/azure-monitor/reference/tables/edgeactionconsolelog","","Yes","No","No","No"
"EdgeActionServiceLog","Reference for EdgeActionServiceLog table in Azure Monitor Logs.","Audit","","","LogManagement","microsoft.cdn/edgeactions","","Yes","No","No","Yes","No","No","https://learn.microsoft.com/en-us/azure/azure-monitor/reference/tables/edgeactionservicelog","","Yes","No","No","No"
"ElasticAgentEvent","","","","","","","","No","No","No","No","No","Yes","","","","No","No","No"
"ElasticAgentLogsV2_CL","","","","","","","","No","No","No","No","No","Yes","","","","No","Yes","No"
"EmailAttachmentInfo","Information about files attached to emails","Defender","","","SecurityInsights","-","","Yes","Yes","No","Yes","No","No","https://learn.microsoft.com/en-us/azure/azure-monitor/reference/tables/emailattachmentinfo","https://learn.microsoft.com/en-us/defender-xdr/advanced-hunting-emailattachmentinfo-table","Yes","Yes","No","Yes"
"EmailEvents","Microsoft 365 email events, including email delivery and blocking events","Defender","","","SecurityInsights","-","","Yes","Yes","No","Yes","No","Yes","https://learn.microsoft.com/en-us/azure/azure-monitor/reference/tables/emailevents","https://learn.microsoft.com/en-us/defender-xdr/advanced-hunting-emailevents-table","Yes","Yes","No","Yes"
"EmailPostDeliveryEvents","Security events that occur post-delivery, after Microsoft 365 delivers the emails to the recipient mailbox","Defender","","","SecurityInsights","-","","Yes","Yes","No","Yes","No","No","https://learn.microsoft.com/en-us/azure/azure-monitor/reference/tables/emailpostdeliveryevents","https://learn.microsoft.com/en-us/defender-xdr/advanced-hunting-emailpostdeliveryevents-table","Yes","Yes","No","Yes"
"EmailUrlInfo","Information about URLs on emails","Defender","","","SecurityInsights","-","","Yes","Yes","No","Yes","No","No","https://learn.microsoft.com/en-us/azure/azure-monitor/reference/tables/emailurlinfo","https://learn.microsoft.com/en-us/defender-xdr/advanced-hunting-emailurlinfo-table","Yes","Yes","No","Yes"
"EnrichedMicrosoft365AuditLogs","Reference for EnrichedMicrosoft365AuditLogs table in Azure Monitor Logs.","IT & Management Tools, Network, Security","","","LogManagement","-","","Yes","No","No","Yes","No","No","https://learn.microsoft.com/en-us/azure/azure-monitor/reference/tables/enrichedmicrosoft365auditlogs","","Yes","Yes","No","Yes"
"Entities_Data_CL","","","","","","","","No","No","No","No","No","Yes","","","","Yes","Yes","Yes"
"Entity_Scoring_Data_CL","","","","","","","","No","No","No","No","No","Yes","","","","Yes","Yes","Yes"
"EntraIdSignInEvents","Microsoft Entra interactive and non-interactive sign-ins","XDR","","","","","","No","Yes","Yes","No","No","No","","https://learn.microsoft.com/en-us/defender-xdr/advanced-hunting-entraidsigninevents-table","","","No",""
"EntraIdSpnSignInEvents","Microsoft Entra service principal and managed identity sign-ins","XDR","","","","","","No","Yes","Yes","No","No","No","","https://learn.microsoft.com/en-us/defender-xdr/advanced-hunting-entraidspnsigninevents-table","","","No",""
"ErmesBrowserSecurityEvents_CL","","","","","","","","No","No","No","No","No","Yes","","","","Yes","Yes","Yes"
"Event","Reference for Event table in Azure Monitor Logs.","Windows","Microsoft","AMA","LogManagement","microsoft.operationalinsights/workspaces, microsoft.compute/virtualmachines, microsoft.conenctedvmwarevsphere/virtualmachines, microsoft.azurestackhci/virtualmachines, microsoft.scvmm/virtualmachines, microsoft.compute/virtualmachinescalesets, microsoft.azurestackhci/clusters","","Yes","No","No","Yes","Yes","Yes","https://learn.microsoft.com/en-us/azure/azure-monitor/reference/tables/event","","No","Yes","Yes","No"
"ExchangeAssessmentRecommendation","Reference for ExchangeAssessmentRecommendation table in Azure Monitor Logs.","Workloads","","","AzureResources, ExchangeAssessment","-","","Yes","No","No","Yes","Yes","No","https://learn.microsoft.com/en-us/azure/azure-monitor/reference/tables/exchangeassessmentrecommendation","","No","Yes","Yes","No"
"ExchangeHttpProxy_CL","","","","","","","","No","No","No","No","No","Yes","","","","Yes","Yes","Yes"
"ExchangeOnlineAssessmentRecommendation","Reference for ExchangeOnlineAssessmentRecommendation table in Azure Monitor Logs.","Workloads","","","AzureResources, ExchangeOnlineAssessment","-","","Yes","No","No","Yes","Yes","No","https://learn.microsoft.com/en-us/azure/azure-monitor/reference/tables/exchangeonlineassessmentrecommendation","","No","Yes","Yes","No"
"ExposureGraphEdges","Microsoft Security Exposure Management exposure graph edge information provides visibility into relationships between entities and assets in the graph","XDR","","","","","","No","Yes","Yes","No","No","No","","https://learn.microsoft.com/en-us/defender-xdr/advanced-hunting-exposuregraphedges-table","","","No",""
"ExposureGraphNodes","Microsoft Security Exposure Management exposure graph node information, about organizational entities and their properties","XDR","","","","","","No","Yes","Yes","No","No","No","","https://learn.microsoft.com/en-us/defender-xdr/advanced-hunting-exposuregraphnodes-table","","","No",""
"ExtraHop_Detections_CL","","","","","","","","No","No","No","No","No","Yes","","","","No","Yes","No"
"F5Telemetry_ASM_CL","","","","","","","","No","No","No","No","No","Yes","","","","No","Yes","No"
"F5Telemetry_LTM_CL","","","","","","","","No","No","No","No","No","Yes","","","","No","Yes","No"
"F5Telemetry_system_CL","","","","","","","","No","No","No","No","No","Yes","","","","Yes","Yes","Yes"
"FailedIngestion","Reference for FailedIngestion table in Azure Monitor Logs.","Azure Resources","","","LogManagement","microsoft.kusto/clusters","","Yes","No","No","Yes","No","No","https://learn.microsoft.com/en-us/azure/azure-monitor/reference/tables/failedingestion","","No","Yes","No","No"
"Failed_Range_To_Ingest_CL","","","","","","","","No","No","No","No","No","Yes","","","","No","Yes","No"
"FileMaliciousContentInfo","Files that were processed by Microsoft Defender for Office 365 in SharePoint Online, OneDrive, and Microsoft Teams.","Security, XDR","","","SecurityInsights","-","","Yes","Yes","No","Yes","No","No","https://learn.microsoft.com/en-us/azure/azure-monitor/reference/tables/filemaliciouscontentinfo","https://learn.microsoft.com/en-us/defender-xdr/advanced-hunting-emailurlinfo-table","Yes","Yes","No","Yes"
"FinanceOperationsActivity_CL","","","","","","","","No","No","No","No","No","Yes","","","","Yes","Yes","Yes"
"FireworkV2_CL","","","","","","","","No","No","No","No","No","Yes","","","","Yes","Yes","Yes"
"FncEventsDetections_CL","","","","","","","","No","No","No","No","No","Yes","","","","No","Yes","No"
"FncEventsObservation_CL","","","","","","","","No","No","No","No","No","Yes","","","","No","Yes","No"
"FncEventsSuricata_CL","","","","","","","","No","No","No","No","No","Yes","","","","No","Yes","No"
"ForcepointDLPEvents_CL","","","","","","","","No","No","No","No","No","Yes","","","","No","Yes","No"
"ForescoutEvent","","","","","","","","No","No","No","No","No","Yes","","","","No","No","No"
"ForescoutHostProperties_CL","","","","","","","","No","No","No","No","No","Yes","","","","Yes","Yes","Yes"
"FunctionAppLogs","Reference for FunctionAppLogs table in Azure Monitor Logs.","Low value","Microsoft","Azure Diagnostics","LogManagement","microsoft.web/sites","","Yes","No","No","Yes","No","No","https://learn.microsoft.com/en-us/azure/azure-monitor/reference/tables/functionapplogs","","No","Yes","No","No"
"GCPApigee","Reference for GCPApigee table in Azure Monitor Logs.","GCP","","","SecurityInsights","-","","Yes","No","No","Yes","Yes","Yes","https://learn.microsoft.com/en-us/azure/azure-monitor/reference/tables/gcpapigee","","Yes","Yes","Yes","Yes"
"GCPAuditLogs","Reference for GCPAuditLogs table in Azure Monitor Logs.","GCP","","","SecurityInsights","-","","Yes","No","No","Yes","Yes","Yes","https://learn.microsoft.com/en-us/azure/azure-monitor/reference/tables/gcpauditlogs","","Yes","Yes","Yes","Yes"
"GCPCDN","Reference for GCPCDN table in Azure Monitor Logs.","GCP","","","SecurityInsights","-","","Yes","No","No","Yes","Yes","Yes","https://learn.microsoft.com/en-us/azure/azure-monitor/reference/tables/gcpcdn","","Yes","Yes","Yes","Yes"
"GCPCloudRun","Reference for GCPCloudRun table in Azure Monitor Logs.","GCP","","","SecurityInsights","-","","Yes","No","No","Yes","Yes","Yes","https://learn.microsoft.com/en-us/azure/azure-monitor/reference/tables/gcpcloudrun","","Yes","Yes","Yes","Yes"
"GCPCloudSQL","Reference for GCPCloudSQL table in Azure Monitor Logs.","GCP","","","SecurityInsights","-","","Yes","No","No","Yes","Yes","Yes","https://learn.microsoft.com/en-us/azure/azure-monitor/reference/tables/gcpcloudsql","","Yes","Yes","Yes","Yes"
"GCPComputeEngine","Reference for GCPComputeEngine table in Azure Monitor Logs.","GCP","","","SecurityInsights","-","","Yes","No","No","Yes","Yes","Yes","https://learn.microsoft.com/en-us/azure/azure-monitor/reference/tables/gcpcomputeengine","","Yes","Yes","Yes","Yes"
"GCPDNS","Reference for GCPDNS table in Azure Monitor Logs.","GCP","","","SecurityInsights","-","","Yes","No","No","Yes","Yes","Yes","https://learn.microsoft.com/en-us/azure/azure-monitor/reference/tables/gcpdns","","Yes","Yes","Yes","Yes"
"GCPFirewallLogs","Reference for GCPFirewallLogs table in Azure Monitor Logs.","GCP","","","SecurityInsights","-","","Yes","No","No","Yes","Yes","No","https://learn.microsoft.com/en-us/azure/azure-monitor/reference/tables/gcpfirewalllogs","","Yes","Yes","Yes","Yes"
"GCPIAM","Reference for GCPIAM table in Azure Monitor Logs.","GCP","","","SecurityInsights","-","","Yes","No","No","Yes","Yes","Yes","https://learn.microsoft.com/en-us/azure/azure-monitor/reference/tables/gcpiam","","Yes","Yes","Yes","Yes"
"GCPIDS","Reference for GCPIDS table in Azure Monitor Logs.","GCP","","","SecurityInsights","-","","Yes","No","No","Yes","Yes","Yes","https://learn.microsoft.com/en-us/azure/azure-monitor/reference/tables/gcpids","","Yes","Yes","Yes","Yes"
"GCPLoadBalancer","Reference for GCPLoadBalancer table in Azure Monitor Logs.","GCP","","","SecurityInsights","-","","Yes","No","No","Yes","No","No","https://learn.microsoft.com/en-us/azure/azure-monitor/reference/tables/gcploadbalancer","","Yes","Yes","No","Yes"
"GCPLoadBalancerLogs_CL","","GCP","","","","","","No","No","No","No","No","Yes","","","","Yes","Yes","Yes"
"GCPMonitoring","Reference for GCPMonitoring table in Azure Monitor Logs.","GCP","","","SecurityInsights","-","","Yes","No","No","Yes","Yes","Yes","https://learn.microsoft.com/en-us/azure/azure-monitor/reference/tables/gcpmonitoring","","Yes","Yes","Yes","Yes"
"GCPNAT","Reference for GCPNAT table in Azure Monitor Logs.","GCP","","","SecurityInsights","-","","Yes","No","No","Yes","Yes","Yes","https://learn.microsoft.com/en-us/azure/azure-monitor/reference/tables/gcpnat","","Yes","Yes","Yes","Yes"
"GCPNATAudit","Reference for GCPNATAudit table in Azure Monitor Logs.","GCP","","","SecurityInsights","-","","Yes","No","No","Yes","Yes","Yes","https://learn.microsoft.com/en-us/azure/azure-monitor/reference/tables/gcpnataudit","","Yes","Yes","Yes","Yes"
"GCPResourceManager","Reference for GCPResourceManager table in Azure Monitor Logs.","GCP","","","SecurityInsights","-","","Yes","No","No","Yes","Yes","Yes","https://learn.microsoft.com/en-us/azure/azure-monitor/reference/tables/gcpresourcemanager","","Yes","Yes","Yes","Yes"
"GCPVPCFlow","Reference for GCPVPCFlow table in Azure Monitor Logs.","GCP","","","SecurityInsights","-","","Yes","No","No","Yes","Yes","Yes","https://learn.microsoft.com/en-us/azure/azure-monitor/reference/tables/gcpvpcflow","","Yes","Yes","Yes","Yes"
"GKEAPIServer","Reference for GKEAPIServer table in Azure Monitor Logs.","Security","","","SecurityInsights","-","","Yes","No","No","Yes","Yes","No","https://learn.microsoft.com/en-us/azure/azure-monitor/reference/tables/gkeapiserver","","Yes","Yes","Yes","Yes"
"GKEApplication","Reference for GKEApplication table in Azure Monitor Logs.","Security","","","SecurityInsights","-","","Yes","No","No","Yes","Yes","No","https://learn.microsoft.com/en-us/azure/azure-monitor/reference/tables/gkeapplication","","Yes","Yes","Yes","Yes"
"GKEAudit","Reference for GKEAudit table in Azure Monitor Logs.","Security","","","SecurityInsights","-","","Yes","No","No","Yes","Yes","Yes","https://learn.microsoft.com/en-us/azure/azure-monitor/reference/tables/gkeaudit","","Yes","Yes","Yes","Yes"
"GKEControllerManager","Reference for GKEControllerManager table in Azure Monitor Logs.","Security","","","SecurityInsights","-","","Yes","No","No","Yes","Yes","No","https://learn.microsoft.com/en-us/azure/azure-monitor/reference/tables/gkecontrollermanager","","Yes","Yes","Yes","Yes"
"GKEHPADecision","Reference for GKEHPADecision table in Azure Monitor Logs.","Security","","","SecurityInsights","-","","Yes","No","No","Yes","Yes","No","https://learn.microsoft.com/en-us/azure/azure-monitor/reference/tables/gkehpadecision","","Yes","Yes","Yes","Yes"
"GKEScheduler","Reference for GKEScheduler table in Azure Monitor Logs.","Security","","","SecurityInsights","-","","Yes","No","No","Yes","Yes","No","https://learn.microsoft.com/en-us/azure/azure-monitor/reference/tables/gkescheduler","","Yes","Yes","Yes","Yes"
"Garrison_ULTRARemoteLogs_CL","","","","","","","","No","No","No","No","No","Yes","","","","No","Yes","No"
"GigamonV2_CL","","","","","","","","No","No","No","No","No","Yes","","","","No","Yes","No"
"GitHubAdvancedSecurityAlerts_CL","","","","","","","","No","No","No","No","No","Yes","","","","No","Yes","No"
"GitHubAuditLogPolling_CL","","","","","","","","No","No","No","No","No","Yes","","","","Yes","Yes","Yes"
"GitHubAuditLogsV2_CL","","","","","","","","No","No","No","No","No","Yes","","","","Yes","Yes","Yes"
"GoogleCloudSCC","Reference for GoogleCloudSCC table in Azure Monitor Logs.","GCP","","","SecurityInsights","-","","Yes","No","No","Yes","Yes","Yes","https://learn.microsoft.com/en-us/azure/azure-monitor/reference/tables/googlecloudscc","","Yes","Yes","Yes","Yes"
"GoogleWorkspaceReports","Reference for GoogleWorkspaceReports table in Azure Monitor Logs.","GCP","","","SecurityInsights","-","","Yes","No","No","Yes","Yes","Yes","https://learn.microsoft.com/en-us/azure/azure-monitor/reference/tables/googleworkspacereports","","Yes","Yes","Yes","Yes"
"GraphApiAuditEvents","Microsoft Entra ID API requests made to Microsoft Graph API for resources in the tenant","XDR","","","","","","No","Yes","Yes","No","No","No","","https://learn.microsoft.com/en-us/defender-xdr/advanced-hunting-graphapiauditevents-table","","","No",""
"GraphNotificationsActivityLogs","Reference for GraphNotificationsActivityLogs table in Azure Monitor Logs.","IT & Management Tools, Network, Security","","","LogManagement","-","","Yes","No","No","Yes","No","No","https://learn.microsoft.com/en-us/azure/azure-monitor/reference/tables/graphnotificationsactivitylogs","","No","No","No","No"
"GzSecurityEvents_CL","","","","","","","","No","No","No","No","No","Yes","","","","No","Yes","No"
"HDInsightAmbariClusterAlerts","Reference for HDInsightAmbariClusterAlerts table in Azure Monitor Logs.","Azure Resources","","","LogManagement","microsoft.hdinsight/clusters","","Yes","No","No","Yes","No","No","https://learn.microsoft.com/en-us/azure/azure-monitor/reference/tables/hdinsightambariclusteralerts","","No","Yes","No","No"
"HDInsightAmbariSystemMetrics","Reference for HDInsightAmbariSystemMetrics table in Azure Monitor Logs.","Azure Resources","","","LogManagement","microsoft.hdinsight/clusters","","Yes","No","No","Yes","No","No","https://learn.microsoft.com/en-us/azure/azure-monitor/reference/tables/hdinsightambarisystemmetrics","","No","Yes","No","No"
"HDInsightGatewayAuditLogs","Reference for HDInsightGatewayAuditLogs table in Azure Monitor Logs.","Audit, Azure Resources","","","LogManagement","microsoft.hdinsight/clusters","","Yes","No","No","Yes","No","No","https://learn.microsoft.com/en-us/azure/azure-monitor/reference/tables/hdinsightgatewayauditlogs","","No","Yes","No","No"
"HDInsightHBaseLogs","Reference for HDInsightHBaseLogs table in Azure Monitor Logs.","Azure Resources","","","LogManagement","microsoft.hdinsight/clusters","","Yes","No","No","Yes","No","No","https://learn.microsoft.com/en-us/azure/azure-monitor/reference/tables/hdinsighthbaselogs","","No","Yes","No","No"
"HDInsightHBaseMetrics","Reference for HDInsightHBaseMetrics table in Azure Monitor Logs.","Azure Resources","","","LogManagement","microsoft.hdinsight/clusters","","Yes","No","No","Yes","No","No","https://learn.microsoft.com/en-us/azure/azure-monitor/reference/tables/hdinsighthbasemetrics","","No","Yes","No","No"
"HDInsightHadoopAndYarnLogs","Reference for HDInsightHadoopAndYarnLogs table in Azure Monitor Logs.","Azure Resources","","","LogManagement","microsoft.hdinsight/clusters","","Yes","No","No","Yes","No","No","https://learn.microsoft.com/en-us/azure/azure-monitor/reference/tables/hdinsighthadoopandyarnlogs","","No","Yes","No","No"
"HDInsightHadoopAndYarnMetrics","Reference for HDInsightHadoopAndYarnMetrics table in Azure Monitor Logs.","Azure Resources","","","LogManagement","microsoft.hdinsight/clusters","","Yes","No","No","Yes","No","No","https://learn.microsoft.com/en-us/azure/azure-monitor/reference/tables/hdinsighthadoopandyarnmetrics","","No","Yes","No","No"
"HDInsightHiveAndLLAPLogs","Reference for HDInsightHiveAndLLAPLogs table in Azure Monitor Logs.","Azure Resources","","","LogManagement","microsoft.hdinsight/clusters","","Yes","No","No","Yes","No","No","https://learn.microsoft.com/en-us/azure/azure-monitor/reference/tables/hdinsighthiveandllaplogs","","No","Yes","No","No"
"HDInsightHiveAndLLAPMetrics","Reference for HDInsightHiveAndLLAPMetrics table in Azure Monitor Logs.","Azure Resources","","","LogManagement","microsoft.hdinsight/clusters","","Yes","No","No","Yes","No","No","https://learn.microsoft.com/en-us/azure/azure-monitor/reference/tables/hdinsighthiveandllapmetrics","","No","Yes","No","No"
"HDInsightHiveQueryAppStats","Reference for HDInsightHiveQueryAppStats table in Azure Monitor Logs.","Azure Resources","","","LogManagement","microsoft.hdinsight/clusters","","Yes","No","No","Yes","No","No","https://learn.microsoft.com/en-us/azure/azure-monitor/reference/tables/hdinsighthivequeryappstats","","No","No","No","No"
"HDInsightHiveTezAppStats","Reference for HDInsightHiveTezAppStats table in Azure Monitor Logs.","Azure Resources","","","LogManagement","microsoft.hdinsight/clusters","","Yes","No","No","Yes","No","No","https://learn.microsoft.com/en-us/azure/azure-monitor/reference/tables/hdinsighthivetezappstats","","No","Yes","No","No"
"HDInsightJupyterNotebookEvents","Reference for HDInsightJupyterNotebookEvents table in Azure Monitor Logs.","Azure Resources","","","LogManagement","microsoft.hdinsight/clusters","","Yes","No","No","Yes","No","No","https://learn.microsoft.com/en-us/azure/azure-monitor/reference/tables/hdinsightjupyternotebookevents","","No","No","No","No"
"HDInsightKafkaLogs","Reference for HDInsightKafkaLogs table in Azure Monitor Logs.","Azure Resources","","","LogManagement","microsoft.hdinsight/clusters","","Yes","No","No","Yes","No","No","https://learn.microsoft.com/en-us/azure/azure-monitor/reference/tables/hdinsightkafkalogs","","No","Yes","No","No"
"HDInsightKafkaMetrics","Reference for HDInsightKafkaMetrics table in Azure Monitor Logs.","Azure Resources","","","LogManagement","microsoft.hdinsight/clusters","","Yes","No","No","Yes","No","No","https://learn.microsoft.com/en-us/azure/azure-monitor/reference/tables/hdinsightkafkametrics","","No","Yes","No","No"
"HDInsightKafkaServerLog","Reference for HDInsightKafkaServerLog table in Azure Monitor Logs.","-","","","LogManagement","-","","Yes","No","No","Yes","No","No","https://learn.microsoft.com/en-us/azure/azure-monitor/reference/tables/hdinsightkafkaserverlog","","No","No","No","No"
"HDInsightOozieLogs","Reference for HDInsightOozieLogs table in Azure Monitor Logs.","Azure Resources","","","LogManagement","microsoft.hdinsight/clusters","","Yes","No","No","Yes","No","No","https://learn.microsoft.com/en-us/azure/azure-monitor/reference/tables/hdinsightoozielogs","","No","Yes","No","No"
"HDInsightRangerAuditLogs","Reference for HDInsightRangerAuditLogs table in Azure Monitor Logs.","Audit, Azure Resources","","","LogManagement","microsoft.hdinsight/clusters","","Yes","No","No","Yes","No","No","https://learn.microsoft.com/en-us/azure/azure-monitor/reference/tables/hdinsightrangerauditlogs","","No","No","No","No"
"HDInsightSecurityLogs","Reference for HDInsightSecurityLogs table in Azure Monitor Logs.","Azure Resources, Security","","","LogManagement","microsoft.hdinsight/clusters","","Yes","No","No","Yes","No","No","https://learn.microsoft.com/en-us/azure/azure-monitor/reference/tables/hdinsightsecuritylogs","","No","Yes","No","No"
"HDInsightSparkApplicationEvents","Reference for HDInsightSparkApplicationEvents table in Azure Monitor Logs.","Azure Resources","","","LogManagement","microsoft.hdinsight/clusters","","Yes","No","No","Yes","No","No","https://learn.microsoft.com/en-us/azure/azure-monitor/reference/tables/hdinsightsparkapplicationevents","","No","Yes","No","No"
"HDInsightSparkBlockManagerEvents","Reference for HDInsightSparkBlockManagerEvents table in Azure Monitor Logs.","Azure Resources","","","LogManagement","microsoft.hdinsight/clusters","","Yes","No","No","Yes","No","No","https://learn.microsoft.com/en-us/azure/azure-monitor/reference/tables/hdinsightsparkblockmanagerevents","","No","Yes","No","No"
"HDInsightSparkEnvironmentEvents","Reference for HDInsightSparkEnvironmentEvents table in Azure Monitor Logs.","Azure Resources","","","LogManagement","microsoft.hdinsight/clusters","","Yes","No","No","Yes","No","No","https://learn.microsoft.com/en-us/azure/azure-monitor/reference/tables/hdinsightsparkenvironmentevents","","No","Yes","No","No"
"HDInsightSparkExecutorEvents","Reference for HDInsightSparkExecutorEvents table in Azure Monitor Logs.","Azure Resources","","","LogManagement","microsoft.hdinsight/clusters","","Yes","No","No","Yes","No","No","https://learn.microsoft.com/en-us/azure/azure-monitor/reference/tables/hdinsightsparkexecutorevents","","No","Yes","No","No"
"HDInsightSparkExtraEvents","Reference for HDInsightSparkExtraEvents table in Azure Monitor Logs.","Azure Resources","","","LogManagement","microsoft.hdinsight/clusters","","Yes","No","No","Yes","No","No","https://learn.microsoft.com/en-us/azure/azure-monitor/reference/tables/hdinsightsparkextraevents","","No","Yes","No","No"
"HDInsightSparkJobEvents","Reference for HDInsightSparkJobEvents table in Azure Monitor Logs.","Azure Resources","","","LogManagement","microsoft.hdinsight/clusters","","Yes","No","No","Yes","No","No","https://learn.microsoft.com/en-us/azure/azure-monitor/reference/tables/hdinsightsparkjobevents","","No","Yes","No","No"
"HDInsightSparkLogs","Reference for HDInsightSparkLogs table in Azure Monitor Logs.","Azure Resources","","","LogManagement","microsoft.hdinsight/clusters","","Yes","No","No","Yes","No","No","https://learn.microsoft.com/en-us/azure/azure-monitor/reference/tables/hdinsightsparklogs","","No","Yes","No","No"
"HDInsightSparkSQLExecutionEvents","Reference for HDInsightSparkSQLExecutionEvents table in Azure Monitor Logs.","Azure Resources","","","LogManagement","microsoft.hdinsight/clusters","","Yes","No","No","Yes","No","No","https://learn.microsoft.com/en-us/azure/azure-monitor/reference/tables/hdinsightsparksqlexecutionevents","","No","Yes","No","No"
"HDInsightSparkStageEvents","Reference for HDInsightSparkStageEvents table in Azure Monitor Logs.","Azure Resources","","","LogManagement","microsoft.hdinsight/clusters","","Yes","No","No","Yes","No","No","https://learn.microsoft.com/en-us/azure/azure-monitor/reference/tables/hdinsightsparkstageevents","","No","Yes","No","No"
"HDInsightSparkStageTaskAccumulables","Reference for HDInsightSparkStageTaskAccumulables table in Azure Monitor Logs.","Azure Resources","","","LogManagement","microsoft.hdinsight/clusters","","Yes","No","No","Yes","No","No","https://learn.microsoft.com/en-us/azure/azure-monitor/reference/tables/hdinsightsparkstagetaskaccumulables","","No","Yes","No","No"
"HDInsightSparkTaskEvents","Reference for HDInsightSparkTaskEvents table in Azure Monitor Logs.","Azure Resources","","","LogManagement","microsoft.hdinsight/clusters","","Yes","No","No","Yes","No","No","https://learn.microsoft.com/en-us/azure/azure-monitor/reference/tables/hdinsightsparktaskevents","","No","Yes","No","No"
"HDInsightStormLogs","Reference for HDInsightStormLogs table in Azure Monitor Logs.","Azure Resources","","","LogManagement","microsoft.hdinsight/clusters","","Yes","No","No","Yes","No","No","https://learn.microsoft.com/en-us/azure/azure-monitor/reference/tables/hdinsightstormlogs","","No","Yes","No","No"
"HDInsightStormMetrics","Reference for HDInsightStormMetrics table in Azure Monitor Logs.","Azure Resources","","","LogManagement","microsoft.hdinsight/clusters","","Yes","No","No","Yes","No","No","https://learn.microsoft.com/en-us/azure/azure-monitor/reference/tables/hdinsightstormmetrics","","No","Yes","No","No"
"HDInsightStormTopologyMetrics","Reference for HDInsightStormTopologyMetrics table in Azure Monitor Logs.","Azure Resources","","","LogManagement","microsoft.hdinsight/clusters","","Yes","No","No","Yes","No","No","https://learn.microsoft.com/en-us/azure/azure-monitor/reference/tables/hdinsightstormtopologymetrics","","No","Yes","No","No"
"HackerViewLog_AzureV2_CL","","","","","","","","No","No","No","No","No","Yes","","","","No","Yes","No"
"HalcyonEvents_CL","","","","","","","","No","No","No","No","No","Yes","","","","No","Yes","No"
"HealthStateChangeEvent","Reference for HealthStateChangeEvent table in Azure Monitor Logs.","-","","AMA","AzureResources, VMInsights","microsoft.compute/virtualmachines, microsoft.conenctedvmwarevsphere/virtualmachines, microsoft.azurestackhci/virtualmachines, microsoft.scvmm/virtualmachines","","Yes","No","No","Yes","No","No","https://learn.microsoft.com/en-us/azure/azure-monitor/reference/tables/healthstatechangeevent","","No","Yes","No","No"
"Health_Data_CL","","","","","","","","No","No","No","No","No","Yes","","","","Yes","Yes","Yes"
"Heartbeat","Reference for Heartbeat table in Azure Monitor Logs.","Endpoint","Microsoft","AMA","LogManagement","microsoft.compute/virtualmachines, microsoft.containerservice/managedclusters, microsoft.kubernetes/connectedclusters, microsoft.conenctedvmwarevsphere/virtualmachines, microsoft.azurestackhci/virtualmachines, microsoft.scvmm/virtualmachines, microsoft.compute/virtualmachinescalesets, microsoft.hybridcontainerservice/provisionedclusters, microsoft.automation/automationaccounts","","Yes","No","No","Yes","No","No","https://learn.microsoft.com/en-us/azure/azure-monitor/reference/tables/heartbeat","","No","No","No","No"
"HuntingBookmark","Reference for HuntingBookmark table in Azure Monitor Logs.","Security","","Internal","SecurityInsights","-","","Yes","No","No","Yes","No","No","https://learn.microsoft.com/en-us/azure/azure-monitor/reference/tables/huntingbookmark","","No","Yes","No","No"
"IdentityAccountInfo","Account information from various sources, including Microsoft Entra ID. This table also includes information and link to the identity that owns the account.","Security, XDR","","","SecurityInsights","-","","Yes","Yes","No","Yes","No","No","https://learn.microsoft.com/en-us/azure/azure-monitor/reference/tables/identityaccountinfo","https://learn.microsoft.com/en-us/defender-xdr/advanced-hunting-identityaccountinfo-table","Yes","Yes","No","Yes"
"IdentityDirectoryEvents","Events involving an on-premises domain controller running Active Directory (AD). This table covers a range of identity-related events and system events on the domain controller.","Security, XDR","","","SecurityInsights","-","","Yes","Yes","No","Yes","No","No","https://learn.microsoft.com/en-us/azure/azure-monitor/reference/tables/identitydirectoryevents","https://learn.microsoft.com/en-us/defender-xdr/advanced-hunting-identitydirectoryevents-table","Yes","Yes","No","Yes"
"IdentityEvents","Information about identity events obtained from other cloud identity service providers","Security, XDR","","","SecurityInsights","-","","Yes","Yes","No","Yes","No","No","https://learn.microsoft.com/en-us/azure/azure-monitor/reference/tables/identityevents","https://learn.microsoft.com/en-us/defender-xdr/advanced-hunting-identityevents-table","Yes","Yes","No","Yes"
"IdentityInfo","Account information from various sources, including Microsoft Entra ID","Internal","Microsoft","","BehaviorAnalyticsInsights","-","","Yes","Yes","Yes","Yes","No","No","https://learn.microsoft.com/en-us/azure/azure-monitor/reference/tables/identityinfo","https://learn.microsoft.com/en-us/defender-xdr/advanced-hunting-identityinfo-table","No","Yes","No","Yes"
"IdentityLogonEvents","Authentication events on Active Directory and Microsoft online services","Security, XDR","","","SecurityInsights","-","","Yes","Yes","No","Yes","No","Yes","https://learn.microsoft.com/en-us/azure/azure-monitor/reference/tables/identitylogonevents","https://learn.microsoft.com/en-us/defender-xdr/advanced-hunting-identitylogonevents-table","Yes","Yes","No","Yes"
"IdentityQueryEvents","Queries for Active Directory objects, such as users, groups, devices, and domains","Security, XDR","","","SecurityInsights","-","","Yes","Yes","No","Yes","No","No","https://learn.microsoft.com/en-us/azure/azure-monitor/reference/tables/identityqueryevents","https://learn.microsoft.com/en-us/defender-xdr/advanced-hunting-identityqueryevents-table","Yes","Yes","No","Yes"
"IllumioInsightsSummary_CL","","","","","","","","No","No","No","No","No","Yes","","","","No","Yes","No"
"Illumio_Auditable_Events_CL","","","","","","","","No","No","No","No","No","Yes","","","","Yes","Yes","Yes"
"Illumio_Flow_Events_CL","","","","","","","","No","No","No","No","No","Yes","","","","Yes","Yes","Yes"
"IlumioInsights","Reference for IlumioInsights table in Azure Monitor Logs.","Security","","","SecurityInsights","-","","Yes","No","No","Yes","Yes","Yes","https://learn.microsoft.com/en-us/azure/azure-monitor/reference/tables/ilumioinsights","","Yes","Yes","Yes","Yes"
"ImpervaWAFCloud","","","","","","","","No","No","No","No","No","Yes","","","","No","No","No"
"ImpervaWAFCloud_CL","","","","","","","","No","No","No","No","No","Yes","","","","Yes","Yes","Yes"
"InfoSecAnalytics_CL","","","","","","","","No","No","No","No","No","Yes","","","","No","Yes","No"
"InfobloxInsight_CL","","","","","","","","No","No","No","No","No","Yes","","","","No","Yes","No"
"Infoblox_Failed_Indicators_CL","","","","","","","","No","No","No","No","No","Yes","","","","No","Yes","No"
"InsightsMetrics","Reference for InsightsMetrics table in Azure Monitor Logs.","Low value","Microsoft","Azure Diagnostics","AzureResources, ContainerInsights, InfrastructureInsights, LogManagement, ServiceMap, VMInsights","microsoft.containerservice/managedclusters, microsoft.kubernetes/connectedclusters, microsoft.insights/workloadmonitoring, microsoft.compute/virtualmachines, microsoft.conenctedvmwarevsphere/virtualmachines, microsoft.azurestackhci/virtualmachines, microsoft.scvmm/virtualmachines, microsoft.compute/virtualmachinescalesets, microsoft.hybridcontainerservice/provisionedclusters, microsoft.devices/iothubs","","Yes","No","No","Yes","No","No","https://learn.microsoft.com/en-us/azure/azure-monitor/reference/tables/insightsmetrics","","No","Yes","No","No"
"IntegrationTableIncidents_CL","","","","","","","","No","No","No","No","No","Yes","","","","Yes","Yes","Yes"
"IntegrationTable_CL","","","","","","","","No","No","No","No","No","Yes","","","","Yes","Yes","Yes"
"IntuneAuditLogs","Reference for IntuneAuditLogs table in Azure Monitor Logs.","Intune","","","LogManagement","-","","Yes","No","No","Yes","No","No","https://learn.microsoft.com/en-us/azure/azure-monitor/reference/tables/intuneauditlogs","","No","Yes","No","Yes"
"IntuneDeviceComplianceOrg","Reference for IntuneDeviceComplianceOrg table in Azure Monitor Logs.","Intune","","","LogManagement","-","","Yes","No","No","Yes","No","No","https://learn.microsoft.com/en-us/azure/azure-monitor/reference/tables/intunedevicecomplianceorg","","No","No","No","Yes"
"IntuneDevices","Reference for IntuneDevices table in Azure Monitor Logs.","Intune","","","LogManagement","-","","Yes","No","No","Yes","No","No","https://learn.microsoft.com/en-us/azure/azure-monitor/reference/tables/intunedevices","","Yes","Yes","No","Yes"
"IntuneOperationalLogs","Reference for IntuneOperationalLogs table in Azure Monitor Logs.","Intune","","","LogManagement","-","","Yes","No","No","Yes","No","No","https://learn.microsoft.com/en-us/azure/azure-monitor/reference/tables/intuneoperationallogs","","No","Yes","No","Yes"
"Ipinfo_ASN_CL","","","","","","","","No","No","No","No","No","Yes","","","","No","Yes","No"
"Ipinfo_Abuse_CL","","","","","","","","No","No","No","No","No","Yes","","","","No","Yes","No"
"Ipinfo_CORE_CL","","","","","","","","No","No","No","No","No","Yes","","","","No","Yes","No"
"Ipinfo_Carrier_CL","","","","","","","","No","No","No","No","No","Yes","","","","No","Yes","No"
"Ipinfo_Company_CL","","","","","","","","No","No","No","No","No","Yes","","","","No","Yes","No"
"Ipinfo_Country_CL","","","","","","","","No","No","No","No","No","Yes","","","","No","Yes","No"
"Ipinfo_Domain_CL","","","","","","","","No","No","No","No","No","Yes","","","","No","Yes","No"
"Ipinfo_Location_CL","","","","","","","","No","No","No","No","No","Yes","","","","No","Yes","No"
"Ipinfo_Location_extended_CL","","","","","","","","No","No","No","No","No","Yes","","","","No","Yes","No"
"Ipinfo_PLUS_CL","","","","","","","","No","No","No","No","No","Yes","","","","No","Yes","No"
"Ipinfo_Privacy_CL","","","","","","","","No","No","No","No","No","Yes","","","","No","Yes","No"
"Ipinfo_Privacy_extended_CL","","","","","","","","No","No","No","No","No","Yes","","","","No","Yes","No"
"Ipinfo_RESIDENTIAL_PROXY_CL","","","","","","","","No","No","No","No","No","Yes","","","","No","Yes","No"
"Ipinfo_RIRWHOIS_CL","","","","","","","","No","No","No","No","No","Yes","","","","No","Yes","No"
"Ipinfo_RWHOIS_CL","","","","","","","","No","No","No","No","No","Yes","","","","No","Yes","No"
"Ipinfo_WHOIS_ASN_CL","","","","","","","","No","No","No","No","No","Yes","","","","No","Yes","No"
"Ipinfo_WHOIS_MNT_CL","","","","","","","","No","No","No","No","No","Yes","","","","No","Yes","No"
"Ipinfo_WHOIS_NET_CL","","","","","","","","No","No","No","No","No","Yes","","","","No","Yes","No"
"Ipinfo_WHOIS_ORG_CL","","","","","","","","No","No","No","No","No","Yes","","","","No","Yes","No"
"Ipinfo_WHOIS_POC_CL","","","","","","","","No","No","No","No","No","Yes","","","","No","Yes","No"
"Island_Admin_CL","","","","","","","","No","No","No","No","No","Yes","","","","Yes","Yes","Yes"
"Island_UserEvents_V2_CL","","","","","","","","No","No","No","No","No","Yes","","","","No","Yes","No"
"Island_User_CL","","","","","","","","No","No","No","No","No","Yes","","","","Yes","Yes","Yes"
"JBossEvent_CL","","","","","","","","No","No","No","No","No","Yes","","","","No","Yes","No"
"Jira_Audit_CL","","","","","","","","No","No","No","No","No","Yes","","","","No","Yes","No"
"Jira_Audit_v2_CL","","","","","","","","No","No","No","No","No","Yes","","","","Yes","Yes","Yes"
"JuniperIDP_CL","","","","","","","","No","No","No","No","No","Yes","","","","Yes","Yes","Yes"
"KeeperSecurityEventNewLogs_CL","","","","","","","","No","No","No","No","No","Yes","","","","Yes","Yes","Yes"
"KeyVaults","Reference for KeyVaults table in Azure Monitor Logs.","-","","","KeyVault","-","","Yes","No","No","Yes","No","No","https://learn.microsoft.com/en-us/azure/azure-monitor/reference/tables/keyvaults","","No","No","No","No"
"KubeEvents","Reference for KubeEvents table in Azure Monitor Logs.","Containers","","","AzureResources, ContainerInsights","microsoft.containerservice/managedclusters, microsoft.kubernetes/connectedclusters, microsoft.hybridcontainerservice/provisionedclusters","","Yes","No","No","Yes","No","No","https://learn.microsoft.com/en-us/azure/azure-monitor/reference/tables/kubeevents","","No","Yes","No","No"
"KubeHealth","Reference for KubeHealth table in Azure Monitor Logs.","-","","","AzureResources, ContainerInsights","-","","Yes","No","No","Yes","No","No","https://learn.microsoft.com/en-us/azure/azure-monitor/reference/tables/kubehealth","","No","Yes","No","No"
"KubeMonAgentEvents","Reference for KubeMonAgentEvents table in Azure Monitor Logs.","Containers","","","AzureResources, ContainerInsights","microsoft.containerservice/managedclusters, microsoft.kubernetes/connectedclusters, microsoft.hybridcontainerservice/provisionedclusters","","Yes","No","No","Yes","No","No","https://learn.microsoft.com/en-us/azure/azure-monitor/reference/tables/kubemonagentevents","","No","Yes","No","No"
"KubeNodeInventory","Reference for KubeNodeInventory table in Azure Monitor Logs.","Containers","","","AzureResources, ContainerInsights","microsoft.containerservice/managedclusters, microsoft.kubernetes/connectedclusters, microsoft.hybridcontainerservice/provisionedclusters","","Yes","No","No","Yes","No","No","https://learn.microsoft.com/en-us/azure/azure-monitor/reference/tables/kubenodeinventory","","No","Yes","No","No"
"KubePVInventory","Reference for KubePVInventory table in Azure Monitor Logs.","Containers","","","AzureResources, ContainerInsights","microsoft.containerservice/managedclusters, microsoft.kubernetes/connectedclusters, microsoft.hybridcontainerservice/provisionedclusters","","Yes","No","No","Yes","No","No","https://learn.microsoft.com/en-us/azure/azure-monitor/reference/tables/kubepvinventory","","No","Yes","No","No"
"KubePodInventory","Reference for KubePodInventory table in Azure Monitor Logs.","Containers","","","AzureResources, ContainerInsights","microsoft.containerservice/managedclusters, microsoft.kubernetes/connectedclusters, microsoft.hybridcontainerservice/provisionedclusters","","Yes","No","No","Yes","No","No","https://learn.microsoft.com/en-us/azure/azure-monitor/reference/tables/kubepodinventory","","No","Yes","No","No"
"KubeServices","Reference for KubeServices table in Azure Monitor Logs.","Containers","","","AzureResources, ContainerInsights","microsoft.containerservice/managedclusters, microsoft.kubernetes/connectedclusters, microsoft.hybridcontainerservice/provisionedclusters","","Yes","No","No","Yes","No","No","https://learn.microsoft.com/en-us/azure/azure-monitor/reference/tables/kubeservices","","No","Yes","No","No"
"LAJobLogs","Reference for LAJobLogs table in Azure Monitor Logs.","Azure Resources","","","LogManagement","microsoft.operationalinsights/workspaces","","Yes","No","No","Yes","No","No","https://learn.microsoft.com/en-us/azure/azure-monitor/reference/tables/lajoblogs","","Yes","Yes","No","No"
"LAQueryLogs","Reference for LAQueryLogs table in Azure Monitor Logs.","Audit","","","LogManagement","microsoft.operationalinsights/workspaces","","Yes","No","No","Yes","No","No","https://learn.microsoft.com/en-us/azure/azure-monitor/reference/tables/laquerylogs","","Yes","Yes","No","Yes"
"LASummaryLogs","Reference for LASummaryLogs table in Azure Monitor Logs.","Azure Resources","","","LogManagement","microsoft.operationalinsights/workspaces","","Yes","No","No","Yes","No","No","https://learn.microsoft.com/en-us/azure/azure-monitor/reference/tables/lasummarylogs","","Yes","Yes","No","No"
"LIATrackingEvents","Reference for LIATrackingEvents table in Azure Monitor Logs.","Azure Resources","","","LogManagement","microsoft.logic/integrationaccounts","","Yes","No","No","Yes","No","No","https://learn.microsoft.com/en-us/azure/azure-monitor/reference/tables/liatrackingevents","","Yes","Yes","No","No"
"LastPassNativePoller_CL","","","","","","","","No","No","No","No","No","Yes","","","","Yes","Yes","Yes"
"LedgerTransactionLogs","Reference for LedgerTransactionLogs table in Azure Monitor Logs.","Audit, Azure Resources","","","LogManagement","microsoft.confidentialledger/ledgers","","Yes","No","No","Yes","No","No","https://learn.microsoft.com/en-us/azure/azure-monitor/reference/tables/ledgertransactionlogs","","Yes","No","No","No"
"LedgerUserDefinedLogs","Reference for LedgerUserDefinedLogs table in Azure Monitor Logs.","Applications, Audit, Azure Resources","","","LogManagement","microsoft.confidentialledger/ledgers","","Yes","No","No","Yes","No","No","https://learn.microsoft.com/en-us/azure/azure-monitor/reference/tables/ledgeruserdefinedlogs","","Yes","No","No","No"
"LightningAttackPaths_CL","","","","","","","","No","No","No","No","No","Yes","","","","No","Yes","No"
"LightningIOEResults_CL","","","","","","","","No","No","No","No","No","Yes","","","","No","Yes","No"
"LightningTier0Nodes_CL","","","","","","","","No","No","No","No","No","Yes","","","","No","Yes","No"
"LinuxAuditLog","Reference for LinuxAuditLog table in Azure Monitor Logs.","Security","","","Security, SecurityInsights","-","","Yes","No","No","Yes","No","No","https://learn.microsoft.com/en-us/azure/azure-monitor/reference/tables/linuxauditlog","","No","Yes","No","No"
"Lockdown_Data_CL","","","","","","","","No","No","No","No","No","Yes","","","","Yes","Yes","Yes"
"LogicAppWorkflowRuntime","Reference for LogicAppWorkflowRuntime table in Azure Monitor Logs.","Azure Resources","","","LogManagement","microsoft.web/sites, microsoft.logic/workflows","","Yes","No","No","Yes","No","No","https://learn.microsoft.com/en-us/azure/azure-monitor/reference/tables/logicappworkflowruntime","","No","Yes","No","No"
"LookoutMtdV2_CL","","","","","","","","No","No","No","No","No","Yes","","","","Yes","Yes","Yes"
"Lookout_CL","","","","","","","","No","No","No","No","No","Yes","","","","No","Yes","No"
"MAApplication","Reference for MAApplication table in Azure Monitor Logs.","Desktop Analytics","","","Microsoft365Analytics","-","","Yes","No","No","Yes","No","No","https://learn.microsoft.com/en-us/azure/azure-monitor/reference/tables/maapplication","","No","No","No","No"
"MAApplicationHealth","Reference for MAApplicationHealth table in Azure Monitor Logs.","Desktop Analytics","","","Microsoft365Analytics","-","","Yes","No","No","Yes","No","No","https://learn.microsoft.com/en-us/azure/azure-monitor/reference/tables/maapplicationhealth","","No","No","No","No"
"MAApplicationHealthAlternativeVersions","Reference for MAApplicationHealthAlternativeVersions table in Azure Monitor Logs.","Desktop Analytics","","","Microsoft365Analytics","-","","Yes","No","No","Yes","No","No","https://learn.microsoft.com/en-us/azure/azure-monitor/reference/tables/maapplicationhealthalternativeversions","","No","No","No","No"
"MAApplicationHealthIssues","Reference for MAApplicationHealthIssues table in Azure Monitor Logs.","Desktop Analytics","","","Microsoft365Analytics","-","","Yes","No","No","Yes","No","No","https://learn.microsoft.com/en-us/azure/azure-monitor/reference/tables/maapplicationhealthissues","","No","No","No","No"
"MAApplicationInstance","Reference for MAApplicationInstance table in Azure Monitor Logs.","Desktop Analytics","","","Microsoft365Analytics","-","","Yes","No","No","Yes","No","No","https://learn.microsoft.com/en-us/azure/azure-monitor/reference/tables/maapplicationinstance","","No","No","No","No"
"MAApplicationInstanceReadiness","Reference for MAApplicationInstanceReadiness table in Azure Monitor Logs.","Desktop Analytics","","","Microsoft365Analytics","-","","Yes","No","No","Yes","No","No","https://learn.microsoft.com/en-us/azure/azure-monitor/reference/tables/maapplicationinstancereadiness","","No","No","No","No"
"MAApplicationReadiness","Reference for MAApplicationReadiness table in Azure Monitor Logs.","Desktop Analytics","","","Microsoft365Analytics","-","","Yes","No","No","Yes","No","No","https://learn.microsoft.com/en-us/azure/azure-monitor/reference/tables/maapplicationreadiness","","No","No","No","No"
"MADeploymentPlan","Reference for MADeploymentPlan table in Azure Monitor Logs.","Desktop Analytics","","","Microsoft365Analytics","-","","Yes","No","No","Yes","No","No","https://learn.microsoft.com/en-us/azure/azure-monitor/reference/tables/madeploymentplan","","No","No","No","No"
"MADevice","Reference for MADevice table in Azure Monitor Logs.","Desktop Analytics","","","Microsoft365Analytics","-","","Yes","No","No","Yes","No","No","https://learn.microsoft.com/en-us/azure/azure-monitor/reference/tables/madevice","","No","No","No","No"
"MADeviceNRT","Reference for MADeviceNRT table in Azure Monitor Logs.","Desktop Analytics","","","Microsoft365Analytics","-","","Yes","No","No","Yes","No","No","https://learn.microsoft.com/en-us/azure/azure-monitor/reference/tables/madevicenrt","","No","No","No","No"
"MADeviceNotEnrolled","Reference for MADeviceNotEnrolled table in Azure Monitor Logs.","Desktop Analytics","","","Microsoft365Analytics","-","","Yes","No","No","Yes","No","No","https://learn.microsoft.com/en-us/azure/azure-monitor/reference/tables/madevicenotenrolled","","No","No","No","No"
"MADeviceReadiness","Reference for MADeviceReadiness table in Azure Monitor Logs.","Desktop Analytics","","","Microsoft365Analytics","-","","Yes","No","No","Yes","No","No","https://learn.microsoft.com/en-us/azure/azure-monitor/reference/tables/madevicereadiness","","No","No","No","No"
"MADriverInstanceReadiness","Reference for MADriverInstanceReadiness table in Azure Monitor Logs.","Desktop Analytics","","","Microsoft365Analytics","-","","Yes","No","No","Yes","No","No","https://learn.microsoft.com/en-us/azure/azure-monitor/reference/tables/madriverinstancereadiness","","No","No","No","No"
"MADriverReadiness","Reference for MADriverReadiness table in Azure Monitor Logs.","Desktop Analytics","","","Microsoft365Analytics","-","","Yes","No","No","Yes","No","No","https://learn.microsoft.com/en-us/azure/azure-monitor/reference/tables/madriverreadiness","","No","No","No","No"
"MAOfficeAddin","Reference for MAOfficeAddin table in Azure Monitor Logs.","Desktop Analytics","","","Microsoft365Analytics","-","","Yes","No","No","Yes","No","No","https://learn.microsoft.com/en-us/azure/azure-monitor/reference/tables/maofficeaddin","","No","No","No","No"
"MAOfficeAddinHealthEventNRT","Reference for MAOfficeAddinHealthEventNRT table in Azure Monitor Logs.","Desktop Analytics","","","Microsoft365Analytics","-","","Yes","No","No","Yes","No","No","https://learn.microsoft.com/en-us/azure/azure-monitor/reference/tables/maofficeaddinhealtheventnrt","","No","No","No","No"
"MAOfficeAddinInstance","Reference for MAOfficeAddinInstance table in Azure Monitor Logs.","Desktop Analytics","","","Microsoft365Analytics","-","","Yes","No","No","Yes","No","No","https://learn.microsoft.com/en-us/azure/azure-monitor/reference/tables/maofficeaddininstance","","No","No","No","No"
"MAOfficeAddinReadiness","Reference for MAOfficeAddinReadiness table in Azure Monitor Logs.","Desktop Analytics","","","Microsoft365Analytics","-","","Yes","No","No","Yes","No","No","https://learn.microsoft.com/en-us/azure/azure-monitor/reference/tables/maofficeaddinreadiness","","No","No","No","No"
"MAOfficeAppInstance","Reference for MAOfficeAppInstance table in Azure Monitor Logs.","Desktop Analytics","","","Microsoft365Analytics","-","","Yes","No","No","Yes","No","No","https://learn.microsoft.com/en-us/azure/azure-monitor/reference/tables/maofficeappinstance","","No","No","No","No"
"MAOfficeAppReadiness","Reference for MAOfficeAppReadiness table in Azure Monitor Logs.","Desktop Analytics","","","Microsoft365Analytics","-","","Yes","No","No","Yes","No","No","https://learn.microsoft.com/en-us/azure/azure-monitor/reference/tables/maofficeappreadiness","","No","No","No","No"
"MAOfficeBuildInfo","Reference for MAOfficeBuildInfo table in Azure Monitor Logs.","Desktop Analytics","","","Microsoft365Analytics","-","","Yes","No","No","Yes","No","No","https://learn.microsoft.com/en-us/azure/azure-monitor/reference/tables/maofficebuildinfo","","No","No","No","No"
"MAOfficeCurrencyAssessment","Reference for MAOfficeCurrencyAssessment table in Azure Monitor Logs.","Desktop Analytics","","","Microsoft365Analytics","-","","Yes","No","No","Yes","No","No","https://learn.microsoft.com/en-us/azure/azure-monitor/reference/tables/maofficecurrencyassessment","","No","No","No","No"
"MAOfficeSuiteInstance","Reference for MAOfficeSuiteInstance table in Azure Monitor Logs.","Desktop Analytics","","","Microsoft365Analytics","-","","Yes","No","No","Yes","No","No","https://learn.microsoft.com/en-us/azure/azure-monitor/reference/tables/maofficesuiteinstance","","No","No","No","No"
"MAProposedPilotDevices","Reference for MAProposedPilotDevices table in Azure Monitor Logs.","Desktop Analytics","","","Microsoft365Analytics","-","","Yes","No","No","Yes","No","No","https://learn.microsoft.com/en-us/azure/azure-monitor/reference/tables/maproposedpilotdevices","","No","No","No","No"
"MAWindowsBuildInfo","Reference for MAWindowsBuildInfo table in Azure Monitor Logs.","Desktop Analytics","","","Microsoft365Analytics","-","","Yes","No","No","Yes","No","No","https://learn.microsoft.com/en-us/azure/azure-monitor/reference/tables/mawindowsbuildinfo","","No","No","No","No"
"MAWindowsCurrencyAssessment","Reference for MAWindowsCurrencyAssessment table in Azure Monitor Logs.","Desktop Analytics","","","Microsoft365Analytics","-","","Yes","No","No","Yes","No","No","https://learn.microsoft.com/en-us/azure/azure-monitor/reference/tables/mawindowscurrencyassessment","","No","No","No","No"
"MAWindowsCurrencyAssessmentDailyCounts","Reference for MAWindowsCurrencyAssessmentDailyCounts table in Azure Monitor Logs.","Desktop Analytics","","","Microsoft365Analytics","-","","Yes","No","No","Yes","No","No","https://learn.microsoft.com/en-us/azure/azure-monitor/reference/tables/mawindowscurrencyassessmentdailycounts","","No","No","No","No"
"MAWindowsDeploymentStatus","Reference for MAWindowsDeploymentStatus table in Azure Monitor Logs.","Desktop Analytics","","","Microsoft365Analytics","-","","Yes","No","No","Yes","No","No","https://learn.microsoft.com/en-us/azure/azure-monitor/reference/tables/mawindowsdeploymentstatus","","No","No","No","No"
"MCCEventLogs","Reference for MCCEventLogs table in Azure Monitor Logs.","Azure Resources","","","LogManagement","microsoft.connectedcache/cachenodes","","Yes","No","No","Yes","No","No","https://learn.microsoft.com/en-us/azure/azure-monitor/reference/tables/mcceventlogs","","No","Yes","No","No"
"MCVPAuditLogs","Reference for MCVPAuditLogs table in Azure Monitor Logs.","Azure Resources","","","LogManagement","microsoft.connectedvehicle/platformaccounts","","Yes","No","No","Yes","No","No","https://learn.microsoft.com/en-us/azure/azure-monitor/reference/tables/mcvpauditlogs","","No","Yes","No","No"
"MCVPOperationLogs","Reference for MCVPOperationLogs table in Azure Monitor Logs.","Azure Resources","","","LogManagement","microsoft.connectedvehicle/platformaccounts","","Yes","No","No","Yes","No","No","https://learn.microsoft.com/en-us/azure/azure-monitor/reference/tables/mcvpoperationlogs","","No","Yes","No","No"
"MDBALogTable_CL","","","","","","","","No","No","No","No","No","Yes","","","","Yes","Yes","Yes"
"MDCDetectionDNSEvents","Reference for MDCDetectionDNSEvents table in Azure Monitor Logs.","Security","","","LogManagement","-","","Yes","No","No","Yes","No","No","https://learn.microsoft.com/en-us/azure/azure-monitor/reference/tables/mdcdetectiondnsevents","","Yes","Yes","No","Yes"
"MDCDetectionFimEvents","Reference for MDCDetectionFimEvents table in Azure Monitor Logs.","Security","","","LogManagement","-","","Yes","No","No","Yes","No","No","https://learn.microsoft.com/en-us/azure/azure-monitor/reference/tables/mdcdetectionfimevents","","Yes","Yes","No","Yes"
"MDCDetectionGatingValidationEvents","Reference for MDCDetectionGatingValidationEvents table in Azure Monitor Logs.","Security","","","LogManagement","-","","Yes","No","No","Yes","No","No","https://learn.microsoft.com/en-us/azure/azure-monitor/reference/tables/mdcdetectiongatingvalidationevents","","Yes","Yes","No","Yes"
"MDCDetectionK8SApiEvents","Reference for MDCDetectionK8SApiEvents table in Azure Monitor Logs.","Security","","","LogManagement","-","","Yes","No","No","Yes","No","No","https://learn.microsoft.com/en-us/azure/azure-monitor/reference/tables/mdcdetectionk8sapievents","","Yes","Yes","No","Yes"
"MDCDetectionProcessV2Events","Reference for MDCDetectionProcessV2Events table in Azure Monitor Logs.","Security","","","LogManagement","-","","Yes","No","No","Yes","No","No","https://learn.microsoft.com/en-us/azure/azure-monitor/reference/tables/mdcdetectionprocessv2events","","Yes","Yes","No","Yes"
"MDCFileIntegrityMonitoringEvents","Reference for MDCFileIntegrityMonitoringEvents table in Azure Monitor Logs.","Security","","","LogManagement","-","","Yes","No","No","Yes","No","No","https://learn.microsoft.com/en-us/azure/azure-monitor/reference/tables/mdcfileintegritymonitoringevents","","Yes","Yes","No","Yes"
"MDPResourceLog","Reference for MDPResourceLog table in Azure Monitor Logs.","Azure Resources","","","LogManagement","microsoft.devopsinfrastructure/pools","","Yes","No","No","Yes","No","No","https://learn.microsoft.com/en-us/azure/azure-monitor/reference/tables/mdpresourcelog","","Yes","Yes","No","Yes"
"MNFDeviceUpdates","Reference for MNFDeviceUpdates table in Azure Monitor Logs.","Network","","","LogManagement","microsoft.managednetworkfabric/networkdevices","","Yes","No","No","Yes","No","No","https://learn.microsoft.com/en-us/azure/azure-monitor/reference/tables/mnfdeviceupdates","","Yes","Yes","No","Yes"
"MNFSystemSessionHistoryUpdates","Reference for MNFSystemSessionHistoryUpdates table in Azure Monitor Logs.","Network","","","LogManagement","microsoft.managednetworkfabric/networkdevices","","Yes","No","No","Yes","No","No","https://learn.microsoft.com/en-us/azure/azure-monitor/reference/tables/mnfsystemsessionhistoryupdates","","Yes","Yes","No","Yes"
"MNFSystemStateMessageUpdates","Reference for MNFSystemStateMessageUpdates table in Azure Monitor Logs.","Network","","","LogManagement","microsoft.managednetworkfabric/networkdevices","","Yes","No","No","Yes","No","No","https://learn.microsoft.com/en-us/azure/azure-monitor/reference/tables/mnfsystemstatemessageupdates","","Yes","Yes","No","Yes"
"MPCAuditLogs","Reference for MPCAuditLogs table in Azure Monitor Logs.","Audit","","","LogManagement","microsoft.orbital/geocatalogs","","Yes","No","No","Yes","No","No","https://learn.microsoft.com/en-us/azure/azure-monitor/reference/tables/mpcauditlogs","","Yes","No","No","Yes"
"MPCIngestionLogs","Reference for MPCIngestionLogs table in Azure Monitor Logs.","Audit","","","LogManagement","microsoft.orbital/geocatalogs","","Yes","No","No","Yes","No","No","https://learn.microsoft.com/en-us/azure/azure-monitor/reference/tables/mpcingestionlogs","","Yes","Yes","No","Yes"
"MailGuard365_Threats_CL","","","","","","","","No","No","No","No","No","Yes","","","","Yes","Yes","Yes"
"MailRiskEventEmails_CL","","","","","","","","No","No","No","No","No","Yes","","","","Yes","Yes","Yes"
"MarkLogicAudit_CL","","","","","","","","No","No","No","No","No","Yes","","","","No","Yes","No"
"McasShadowItReporting","Reference for McasShadowItReporting table in Azure Monitor Logs.","Security","","","SecurityInsights","-","","Yes","No","No","Yes","No","No","https://learn.microsoft.com/en-us/azure/azure-monitor/reference/tables/mcasshadowitreporting","","No","Yes","No","Yes"
"McasShadowItReporting​","","","","","","","","No","No","No","No","No","Yes","","","","No","No","No"
"MeshControlPlane","Reference for MeshControlPlane table in Azure Monitor Logs.","Azure Resources, Containers","","","LogManagement","microsoft.applink/applinks/applinksmembers","","Yes","No","No","Yes","No","No","https://learn.microsoft.com/en-us/azure/azure-monitor/reference/tables/meshcontrolplane","","Yes","No","No","No"
"MessageEvents","Messages sent and received within your organization at the time of delivery","Security, XDR","","","SecurityInsights","-","","Yes","Yes","No","Yes","No","No","https://learn.microsoft.com/en-us/azure/azure-monitor/reference/tables/messageevents","https://learn.microsoft.com/en-us/defender-xdr/advanced-hunting-messageevents-table","Yes","Yes","No","Yes"
"MessagePostDeliveryEvents","Security events that occurred after the delivery of a Microsoft Teams message in your organization","Security, XDR","","","SecurityInsights","-","","Yes","Yes","No","Yes","No","No","https://learn.microsoft.com/en-us/azure/azure-monitor/reference/tables/messagepostdeliveryevents","https://learn.microsoft.com/en-us/defender-xdr/advanced-hunting-messagepostdeliveryevents-table","Yes","Yes","No","Yes"
"MessageTrackingLog_CL","","","","","","","","No","No","No","No","No","Yes","","","","Yes","Yes","Yes"
"MessageUrlInfo","URLs sent through Microsoft Teams messages in your organization","Security, XDR","","","SecurityInsights","-","","Yes","Yes","No","Yes","No","No","https://learn.microsoft.com/en-us/azure/azure-monitor/reference/tables/messageurlinfo","https://learn.microsoft.com/en-us/defender-xdr/advanced-hunting-messageurlinfo-table","Yes","Yes","No","Yes"
"MicrosoftAzureBastionAuditLogs","Reference for MicrosoftAzureBastionAuditLogs table in Azure Monitor Logs.","Azure Resources","","","LogManagement","microsoft.network/bastionhosts","","Yes","No","No","Yes","No","No","https://learn.microsoft.com/en-us/azure/azure-monitor/reference/tables/microsoftazurebastionauditlogs","","No","Yes","No","No"
"MicrosoftDataShareReceivedSnapshotLog","Reference for MicrosoftDataShareReceivedSnapshotLog table in Azure Monitor Logs.","Azure Resources","","","LogManagement","microsoft.datashare/accounts","","Yes","No","No","Yes","No","No","https://learn.microsoft.com/en-us/azure/azure-monitor/reference/tables/microsoftdatasharereceivedsnapshotlog","","No","Yes","No","No"
"MicrosoftDataShareSentSnapshotLog","Reference for MicrosoftDataShareSentSnapshotLog table in Azure Monitor Logs.","Azure Resources","","","LogManagement","microsoft.datashare/accounts","","Yes","No","No","Yes","No","No","https://learn.microsoft.com/en-us/azure/azure-monitor/reference/tables/microsoftdatasharesentsnapshotlog","","No","Yes","No","No"
"MicrosoftDataShareShareLog","Reference for MicrosoftDataShareShareLog table in Azure Monitor Logs.","-","","","LogManagement","-","","Yes","No","No","Yes","No","No","https://learn.microsoft.com/en-us/azure/azure-monitor/reference/tables/microsoftdatasharesharelog","","No","No","No","No"
"MicrosoftGraphActivityLogs","Reference for MicrosoftGraphActivityLogs table in Azure Monitor Logs.","Microsoft Graph","Microsoft","","LogManagement","-","","Yes","No","No","Yes","No","No","https://learn.microsoft.com/en-us/azure/azure-monitor/reference/tables/microsoftgraphactivitylogs","","Yes","Yes","No","Yes"
"MicrosoftGraphPolicyLogs","Reference for MicrosoftGraphPolicyLogs table in Azure Monitor Logs.","Audit, Security","","","LogManagement","-","","Yes","No","No","Yes","No","No","https://learn.microsoft.com/en-us/azure/azure-monitor/reference/tables/microsoftgraphpolicylogs","","Yes","No","No","Yes"
"MicrosoftHealthcareApisAuditLogs","Reference for MicrosoftHealthcareApisAuditLogs table in Azure Monitor Logs.","Audit, Azure Resources","","","LogManagement","microsoft.healthcareapis/services","","Yes","No","No","Yes","No","No","https://learn.microsoft.com/en-us/azure/azure-monitor/reference/tables/microsofthealthcareapisauditlogs","","No","Yes","No","No"
"MicrosoftPurviewInformationProtection","Reference for MicrosoftPurviewInformationProtection table in Azure Monitor Logs.","Audit, Security","","","SecurityInsights","-","","Yes","No","No","Yes","No","Yes","https://learn.microsoft.com/en-us/azure/azure-monitor/reference/tables/microsoftpurviewinformationprotection","","Yes","Yes","No","Yes"
"MicrosoftServicePrincipalSignInLogs","Reference for MicrosoftServicePrincipalSignInLogs table in Azure Monitor Logs.","Audit, Security","","","LogManagement","-","","Yes","No","No","Yes","No","No","https://learn.microsoft.com/en-us/azure/azure-monitor/reference/tables/microsoftserviceprincipalsigninlogs","","Yes","No","No","No"
"MimecastAudit_CL","","","","","","","","No","No","No","No","No","Yes","","","","No","Yes","No"
"MimecastDLP_CL","","","","","","","","No","No","No","No","No","Yes","","","","No","Yes","No"
"MimecastSIEM_CL","","","","","","","","No","No","No","No","No","Yes","","","","No","Yes","No"
"MimecastTTPAttachment_CL","","","","","","","","No","No","No","No","No","Yes","","","","No","Yes","No"
"MimecastTTPImpersonation_CL","","","","","","","","No","No","No","No","No","Yes","","","","No","Yes","No"
"MimecastTTPUrl_CL","","","","","","","","No","No","No","No","No","Yes","","","","No","Yes","No"
"MongoDBAudit_CL","","","","","","","","No","No","No","No","No","Yes","","","","Yes","Yes","Yes"
"MuleSoft_Cloudhub_CL","","","","","","","","No","No","No","No","No","Yes","","","","No","Yes","No"
"MySqlAuditLogs","Reference for MySqlAuditLogs table in Azure Monitor Logs.","Audit, Azure Resources","","","LogManagement","microsoft.dbformysql/flexibleservers","","Yes","No","No","Yes","No","No","https://learn.microsoft.com/en-us/azure/azure-monitor/reference/tables/mysqlauditlogs","","Yes","Yes","No","Yes"
"MySqlSlowLogs","Reference for MySqlSlowLogs table in Azure Monitor Logs.","Audit, Azure Resources","","","LogManagement","microsoft.dbformysql/flexibleservers","","Yes","No","No","Yes","No","No","https://learn.microsoft.com/en-us/azure/azure-monitor/reference/tables/mysqlslowlogs","","Yes","Yes","No","Yes"
"NCBMBreakGlassAuditLogs","Reference for NCBMBreakGlassAuditLogs table in Azure Monitor Logs.","Azure Resources, Security","","","LogManagement","microsoft.networkcloud/baremetalmachines","","Yes","No","No","Yes","No","No","https://learn.microsoft.com/en-us/azure/azure-monitor/reference/tables/ncbmbreakglassauditlogs","","Yes","Yes","No","Yes"
"NCBMSecurityDefenderLogs","Reference for NCBMSecurityDefenderLogs table in Azure Monitor Logs.","Azure Resources, Security","","","LogManagement","microsoft.networkcloud/baremetalmachines","","Yes","No","No","Yes","No","No","https://learn.microsoft.com/en-us/azure/azure-monitor/reference/tables/ncbmsecuritydefenderlogs","","Yes","Yes","No","Yes"
"NCBMSecurityLogs","Reference for NCBMSecurityLogs table in Azure Monitor Logs.","Azure Resources, Security","","","LogManagement","microsoft.networkcloud/baremetalmachines","","Yes","No","No","Yes","No","No","https://learn.microsoft.com/en-us/azure/azure-monitor/reference/tables/ncbmsecuritylogs","","Yes","Yes","No","Yes"
"NCBMSystemLogs","Reference for NCBMSystemLogs table in Azure Monitor Logs.","Azure Resources","","","LogManagement","microsoft.networkcloud/baremetalmachines","","Yes","No","No","Yes","No","No","https://learn.microsoft.com/en-us/azure/azure-monitor/reference/tables/ncbmsystemlogs","","Yes","Yes","No","Yes"
"NCCIDRACLogs","Reference for NCCIDRACLogs table in Azure Monitor Logs.","Azure Resources","","","LogManagement","microsoft.networkcloud/clusters","","Yes","No","No","Yes","No","No","https://learn.microsoft.com/en-us/azure/azure-monitor/reference/tables/nccidraclogs","","Yes","No","No","Yes"
"NCCKubernetesAPIAuditLogs","Reference for NCCKubernetesAPIAuditLogs table in Azure Monitor Logs.","Azure Resources","","","LogManagement","microsoft.networkcloud/clusters","","Yes","No","No","Yes","No","No","https://learn.microsoft.com/en-us/azure/azure-monitor/reference/tables/ncckubernetesapiauditlogs","","Yes","No","No","Yes"
"NCCKubernetesLogs","Reference for NCCKubernetesLogs table in Azure Monitor Logs.","Azure Resources","","","LogManagement","microsoft.networkcloud/clusters","","Yes","No","No","Yes","No","No","https://learn.microsoft.com/en-us/azure/azure-monitor/reference/tables/ncckuberneteslogs","","Yes","Yes","No","Yes"
"NCCPlatformOperationsLogs","Reference for NCCPlatformOperationsLogs table in Azure Monitor Logs.","Azure Resources","","","LogManagement","microsoft.networkcloud/clusters","","Yes","No","No","Yes","No","No","https://learn.microsoft.com/en-us/azure/azure-monitor/reference/tables/nccplatformoperationslogs","","Yes","Yes","No","Yes"
"NCCVMOrchestrationLogs","Reference for NCCVMOrchestrationLogs table in Azure Monitor Logs.","Azure Resources","","","LogManagement","microsoft.networkcloud/clusters","","Yes","No","No","Yes","No","No","https://learn.microsoft.com/en-us/azure/azure-monitor/reference/tables/nccvmorchestrationlogs","","Yes","Yes","No","Yes"
"NCMClusterOperationsLogs","Reference for NCMClusterOperationsLogs table in Azure Monitor Logs.","Azure Resources","","","LogManagement","microsoft.networkcloud/clustermanagers","","Yes","No","No","Yes","No","No","https://learn.microsoft.com/en-us/azure/azure-monitor/reference/tables/ncmclusteroperationslogs","","Yes","Yes","No","Yes"
"NCProtectUAL_CL","","","","","","","","No","No","No","No","No","Yes","","","","No","Yes","No"
"NCSStorageAlerts","Reference for NCSStorageAlerts table in Azure Monitor Logs.","Azure Resources","","","LogManagement","microsoft.networkcloud/storageappliances","","Yes","No","No","Yes","No","No","https://learn.microsoft.com/en-us/azure/azure-monitor/reference/tables/ncsstoragealerts","","Yes","Yes","No","Yes"
"NCSStorageAudits","Reference for NCSStorageAudits table in Azure Monitor Logs.","Azure Resources","","","LogManagement","microsoft.networkcloud/storageappliances","","Yes","No","No","Yes","No","No","https://learn.microsoft.com/en-us/azure/azure-monitor/reference/tables/ncsstorageaudits","","Yes","Yes","No","Yes"
"NCSStorageLogs","Reference for NCSStorageLogs table in Azure Monitor Logs.","Azure Resources","","","LogManagement","microsoft.networkcloud/storageappliances","","Yes","No","No","Yes","No","No","https://learn.microsoft.com/en-us/azure/azure-monitor/reference/tables/ncsstoragelogs","","Yes","Yes","No","Yes"
"NGINX_CL","","","","","","","","No","No","No","No","No","Yes","","","","Yes","Yes","Yes"
"NGXOperationLogs","Reference for NGXOperationLogs table in Azure Monitor Logs.","Azure Resources","","","LogManagement","nginx.nginxplus/nginxdeployments","","Yes","No","No","Yes","No","No","https://learn.microsoft.com/en-us/azure/azure-monitor/reference/tables/ngxoperationlogs","","Yes","Yes","No","Yes"
"NGXSecurityLogs","Reference for NGXSecurityLogs table in Azure Monitor Logs.","Azure Resources","","","LogManagement","nginx.nginxplus/nginxdeployments","","Yes","No","No","Yes","No","No","https://learn.microsoft.com/en-us/azure/azure-monitor/reference/tables/ngxsecuritylogs","","Yes","Yes","No","No"
"NSPAccessLogs","Reference for NSPAccessLogs table in Azure Monitor Logs.","Audit, Azure Resources, Network, Security","","","LogManagement","microsoft.network/networksecurityperimeters","","Yes","No","No","Yes","No","No","https://learn.microsoft.com/en-us/azure/azure-monitor/reference/tables/nspaccesslogs","","Yes","Yes","No","Yes"
"NTAInsights","Reference for NTAInsights table in Azure Monitor Logs.","Network","","","LogManagement","-","","Yes","No","No","Yes","No","No","https://learn.microsoft.com/en-us/azure/azure-monitor/reference/tables/ntainsights","","No","Yes","No","No"
"NTAIpDetails","Reference for NTAIpDetails table in Azure Monitor Logs.","Network","","","LogManagement","-","","Yes","No","No","Yes","No","No","https://learn.microsoft.com/en-us/azure/azure-monitor/reference/tables/ntaipdetails","","No","Yes","No","No"
"NTANetAnalytics","Reference for NTANetAnalytics table in Azure Monitor Logs.","Network","","","LogManagement","-","","Yes","No","No","Yes","No","No","https://learn.microsoft.com/en-us/azure/azure-monitor/reference/tables/ntanetanalytics","","No","Yes","No","No"
"NTANspRuleRecommendation","Reference for NTANspRuleRecommendation table in Azure Monitor Logs.","Network","","","LogManagement","-","","Yes","No","No","Yes","No","No","https://learn.microsoft.com/en-us/azure/azure-monitor/reference/tables/ntansprulerecommendation","","No","Yes","No","No"
"NTARuleRecommendation","Reference for NTARuleRecommendation table in Azure Monitor Logs.","Network","","","LogManagement","-","","Yes","No","No","Yes","No","No","https://learn.microsoft.com/en-us/azure/azure-monitor/reference/tables/ntarulerecommendation","","No","Yes","No","No"
"NTATopologyDetails","Reference for NTATopologyDetails table in Azure Monitor Logs.","Network","","","LogManagement","-","","Yes","No","No","Yes","No","No","https://learn.microsoft.com/en-us/azure/azure-monitor/reference/tables/ntatopologydetails","","No","Yes","No","No"
"NWConnectionMonitorDNSResult","Reference for NWConnectionMonitorDNSResult table in Azure Monitor Logs.","Network","","","LogManagement","microsoft.network/networkwatchers/connectionmonitors","","Yes","No","No","Yes","No","No","https://learn.microsoft.com/en-us/azure/azure-monitor/reference/tables/nwconnectionmonitordnsresult","","No","Yes","No","No"
"NWConnectionMonitorDestinationListenerResult","Reference for NWConnectionMonitorDestinationListenerResult table in Azure Monitor Logs.","-","","","LogManagement","-","","Yes","No","No","Yes","No","No","https://learn.microsoft.com/en-us/azure/azure-monitor/reference/tables/nwconnectionmonitordestinationlistenerresult","","No","No","No","No"
"NWConnectionMonitorPathResult","Reference for NWConnectionMonitorPathResult table in Azure Monitor Logs.","Network","","","LogManagement","microsoft.network/networkwatchers/connectionmonitors","","Yes","No","No","Yes","No","No","https://learn.microsoft.com/en-us/azure/azure-monitor/reference/tables/nwconnectionmonitorpathresult","","No","Yes","No","No"
"NWConnectionMonitorTestResult","Reference for NWConnectionMonitorTestResult table in Azure Monitor Logs.","Network","","","LogManagement","microsoft.network/networkwatchers/connectionmonitors","","Yes","No","No","Yes","No","No","https://learn.microsoft.com/en-us/azure/azure-monitor/reference/tables/nwconnectionmonitortestresult","","No","Yes","No","No"
"NetskopeAlerts_CL","","","","","","","","No","No","No","No","No","Yes","","","","Yes","Yes","Yes"
"NetskopeWebTransactions_CL","","","","","","","","No","No","No","No","No","Yes","","","","Yes","Yes","Yes"
"NetskopeWebtxData_CL","","","","","","","","No","No","No","No","No","Yes","","","","No","Yes","No"
"NetskopeWebtxErrors_CL","","","","","","","","No","No","No","No","No","Yes","","","","No","Yes","No"
"Netskope_WebTx_metrics_CL","","","","","","","","No","No","No","No","No","Yes","","","","No","Yes","No"
"NetworkAccessAlerts","Reference for NetworkAccessAlerts table in Azure Monitor Logs.","IT & Management Tools, Network, Security","","","LogManagement","-","","Yes","No","No","Yes","No","No","https://learn.microsoft.com/en-us/azure/azure-monitor/reference/tables/networkaccessalerts","","Yes","Yes","No","Yes"
"NetworkAccessConnectionEvents","Reference for NetworkAccessConnectionEvents table in Azure Monitor Logs.","IT & Management Tools, Network, Security","","","LogManagement","-","","Yes","No","No","Yes","No","No","https://learn.microsoft.com/en-us/azure/azure-monitor/reference/tables/networkaccessconnectionevents","","Yes","Yes","No","Yes"
"NetworkAccessGenerativeAIInsights","Reference for NetworkAccessGenerativeAIInsights table in Azure Monitor Logs.","IT & Management Tools, Network, Security","","","LogManagement","-","","Yes","No","No","Yes","No","No","https://learn.microsoft.com/en-us/azure/azure-monitor/reference/tables/networkaccessgenerativeaiinsights","","Yes","No","No","Yes"
"NetworkAccessTraffic","Reference for NetworkAccessTraffic table in Azure Monitor Logs.","IT & Management Tools, Network, Security","","","LogManagement","-","","Yes","No","No","Yes","No","Yes","https://learn.microsoft.com/en-us/azure/azure-monitor/reference/tables/networkaccesstraffic","","Yes","Yes","No","Yes"
"NetworkMonitoring","Reference for NetworkMonitoring table in Azure Monitor Logs.","Network","","","NetworkMonitoring","-","","Yes","No","No","Yes","No","No","https://learn.microsoft.com/en-us/azure/azure-monitor/reference/tables/networkmonitoring","","No","Yes","No","No"
"NetworkSessions","Reference for NetworkSessions table in Azure Monitor Logs.","Security","","","SecurityInsights","-","","Yes","No","No","Yes","No","No","https://learn.microsoft.com/en-us/azure/azure-monitor/reference/tables/networksessions","","Yes","Yes","No","No"
"NexposeInsightVMCloud_assets_CL","","","","","","","","No","No","No","No","No","Yes","","","","No","Yes","No"
"NexposeInsightVMCloud_vulnerabilities_CL","","","","","","","","No","No","No","No","No","Yes","","","","No","Yes","No"
"NginxUpstreamUpdateLogs","Reference for NginxUpstreamUpdateLogs table in Azure Monitor Logs.","Azure Resources","","","LogManagement","nginx.nginxplus/nginxdeployments","","Yes","No","No","Yes","No","No","https://learn.microsoft.com/en-us/azure/azure-monitor/reference/tables/nginxupstreamupdatelogs","","Yes","Yes","No","Yes"
"NordPassEventLogs_CL","","","","","","","","No","No","No","No","No","Yes","","","","Yes","Yes","Yes"
"NordStellar_CL","","","","","","","","No","No","No","No","No","Yes","","","","No","Yes","No"
"OAuthAppInfo","Microsoft 365-connected OAuth applications registered with Microsoft Entra ID and available in the Defender for Cloud Apps app governance capability","Security, XDR","","","SecurityInsights","-","","Yes","Yes","No","Yes","No","No","https://learn.microsoft.com/en-us/azure/azure-monitor/reference/tables/oauthappinfo","https://learn.microsoft.com/en-us/defender-xdr/advanced-hunting-oauthappinfo-table","Yes","Yes","No","Yes"
"OCI_LogsV2_CL","","","","","","","","No","No","No","No","No","Yes","","","","Yes","Yes","Yes"
"OEPAirFlowTask","Reference for OEPAirFlowTask table in Azure Monitor Logs.","Azure Resources","","","LogManagement","microsoft.openenergyplatform/energyservices","","Yes","No","No","Yes","No","No","https://learn.microsoft.com/en-us/azure/azure-monitor/reference/tables/oepairflowtask","","No","Yes","No","No"
"OEPAuditLogs","Reference for OEPAuditLogs table in Azure Monitor Logs.","Audit, Azure Resources","","","LogManagement","microsoft.openenergyplatform/energyservices","","Yes","No","No","Yes","No","No","https://learn.microsoft.com/en-us/azure/azure-monitor/reference/tables/oepauditlogs","","No","Yes","No","No"
"OEPDataplaneLogs","Reference for OEPDataplaneLogs table in Azure Monitor Logs.","Azure Resources","","","LogManagement","microsoft.openenergyplatform/energyservices","","Yes","No","No","Yes","No","No","https://learn.microsoft.com/en-us/azure/azure-monitor/reference/tables/oepdataplanelogs","","Yes","Yes","No","Yes"
"OEPElasticOperator","Reference for OEPElasticOperator table in Azure Monitor Logs.","Azure Resources","","","LogManagement","microsoft.openenergyplatform/energyservices","","Yes","No","No","Yes","No","No","https://learn.microsoft.com/en-us/azure/azure-monitor/reference/tables/oepelasticoperator","","No","Yes","No","No"
"OEPElasticsearch","Reference for OEPElasticsearch table in Azure Monitor Logs.","Azure Resources","","","LogManagement","microsoft.openenergyplatform/energyservices","","Yes","No","No","Yes","No","No","https://learn.microsoft.com/en-us/azure/azure-monitor/reference/tables/oepelasticsearch","","No","Yes","No","No"
"OEWAuditLogs","Reference for OEWAuditLogs table in Azure Monitor Logs.","Audit, Azure Resources","","","LogManagement","microsoft.onlineexperimentation/workspaces","","Yes","No","No","Yes","No","No","https://learn.microsoft.com/en-us/azure/azure-monitor/reference/tables/oewauditlogs","","Yes","Yes","No","Yes"
"OEWExperimentAssignmentSummary","Reference for OEWExperimentAssignmentSummary table in Azure Monitor Logs.","Applications","","","LogManagement","microsoft.onlineexperimentation/workspaces","","Yes","No","No","Yes","No","No","https://learn.microsoft.com/en-us/azure/azure-monitor/reference/tables/oewexperimentassignmentsummary","","No","Yes","No","No"
"OEWExperimentScorecardMetricPairs","Reference for OEWExperimentScorecardMetricPairs table in Azure Monitor Logs.","Applications","","","LogManagement","microsoft.onlineexperimentation/workspaces","","Yes","No","No","Yes","No","No","https://learn.microsoft.com/en-us/azure/azure-monitor/reference/tables/oewexperimentscorecardmetricpairs","","No","Yes","No","No"
"OEWExperimentScorecards","Reference for OEWExperimentScorecards table in Azure Monitor Logs.","Applications","","","LogManagement","microsoft.onlineexperimentation/workspaces","","Yes","No","No","Yes","No","No","https://learn.microsoft.com/en-us/azure/azure-monitor/reference/tables/oewexperimentscorecards","","No","Yes","No","No"
"OLPSupplyChainEntityOperations","Reference for OLPSupplyChainEntityOperations table in Azure Monitor Logs.","Azure Resources","","","LogManagement","microsoft.openlogisticsplatform/workspaces","","Yes","No","No","Yes","No","No","https://learn.microsoft.com/en-us/azure/azure-monitor/reference/tables/olpsupplychainentityoperations","","No","Yes","No","No"
"OLPSupplyChainEvents","Reference for OLPSupplyChainEvents table in Azure Monitor Logs.","Azure Resources","","","LogManagement","microsoft.openlogisticsplatform/workspaces","","Yes","No","No","Yes","No","No","https://learn.microsoft.com/en-us/azure/azure-monitor/reference/tables/olpsupplychainevents","","No","Yes","No","No"
"OTelEvents","Reference for OTelEvents table in Azure Monitor Logs.","Applications","","","LogManagement","microsoft.operationalinsights/workspaces","","Yes","No","No","Yes","No","No","https://learn.microsoft.com/en-us/azure/azure-monitor/reference/tables/otelevents","","Yes","Yes","No","Yes"
"OTelLogs","Reference for OTelLogs table in Azure Monitor Logs.","Applications","","","LogManagement","microsoft.operationalinsights/workspaces","","Yes","No","No","Yes","Yes","No","https://learn.microsoft.com/en-us/azure/azure-monitor/reference/tables/otellogs","","Yes","Yes","Yes","Yes"
"OTelResources","Reference for OTelResources table in Azure Monitor Logs.","Applications","","","LogManagement","microsoft.operationalinsights/workspaces","","Yes","No","No","Yes","No","No","https://learn.microsoft.com/en-us/azure/azure-monitor/reference/tables/otelresources","","No","Yes","No","No"
"OTelSpans","Reference for OTelSpans table in Azure Monitor Logs.","Applications","","","LogManagement","microsoft.operationalinsights/workspaces","","Yes","No","No","Yes","No","No","https://learn.microsoft.com/en-us/azure/azure-monitor/reference/tables/otelspans","","Yes","Yes","No","Yes"
"OTelTraces","Reference for OTelTraces table in Azure Monitor Logs.","Applications","","","LogManagement","microsoft.operationalinsights/workspaces","","Yes","No","No","Yes","No","No","https://learn.microsoft.com/en-us/azure/azure-monitor/reference/tables/oteltraces","","Yes","No","No","No"
"OTelTracesAgent","Reference for OTelTracesAgent table in Azure Monitor Logs.","Applications","","","LogManagement","microsoft.operationalinsights/workspaces","","Yes","No","No","Yes","No","No","https://learn.microsoft.com/en-us/azure/azure-monitor/reference/tables/oteltracesagent","","Yes","No","No","No"
"ObsidianActivity_CL","","","","","","","","No","No","No","No","No","Yes","","","","No","Yes","No"
"ObsidianThreat_CL","","","","","","","","No","No","No","No","No","Yes","","","","No","Yes","No"
"OfficeActivity","Reference for OfficeActivity table in Azure Monitor Logs.","Office 365","Microsoft","Native","AzureSentinelPrivatePreview, SecurityInsights","-","","Yes","No","No","Yes","No","Yes","https://learn.microsoft.com/en-us/azure/azure-monitor/reference/tables/officeactivity","","No","Yes","No","Yes"
"OktaSSO","","","","","","","","No","No","No","No","No","Yes","","","","No","No","No"
"OktaSystemLogs","Reference for OktaSystemLogs table in Azure Monitor Logs.","Security","","","SecurityInsights","-","","Yes","No","No","Yes","No","No","https://learn.microsoft.com/en-us/azure/azure-monitor/reference/tables/oktasystemlogs","","Yes","Yes","No","Yes"
"Okta_CL","","","","","","","","No","No","No","No","No","Yes","","","","Yes","Yes","Yes"
"Onapsis_Defend_CL","","","","","","","","No","No","No","No","No","Yes","","","","Yes","Yes","Yes"
"OneLoginEventsV2_CL","","","","","","","","No","No","No","No","No","Yes","","","","Yes","Yes","Yes"
"OneLoginUsersV2_CL","","","","","","","","No","No","No","No","No","Yes","","","","Yes","Yes","Yes"
"OnePasswordEventLogs_CL","","","","","","","","No","No","No","No","No","Yes","","","","Yes","Yes","Yes"
"OneTrustMetadataV3_CL","","","","","","","","No","No","No","No","No","Yes","","","","Yes","Yes","Yes"
"OpenAIAuditLogs","","","","","","","","No","No","No","No","No","Yes","","","","No","No","No"
"OpenSystemsAuthenticationLogs_CL","","","","","","","","No","No","No","No","No","Yes","","","","No","Yes","No"
"OpenSystemsFirewallLogs_CL","","","","","","","","No","No","No","No","No","Yes","","","","No","Yes","No"
"OpenSystemsProxyLogs_CL","","","","","","","","No","No","No","No","No","Yes","","","","No","Yes","No"
"OpenSystemsZtnaLogs_CL","","","","","","","","No","No","No","No","No","Yes","","","","Yes","Yes","Yes"
"Operation","Reference for Operation table in Azure Monitor Logs.","Azure Monitor","","","LogManagement","-","","Yes","No","No","Yes","No","No","https://learn.microsoft.com/en-us/azure/azure-monitor/reference/tables/operation","","No","No","No","No"
"OracleCloudDatabase","Reference for OracleCloudDatabase table in Azure Monitor Logs.","Audit","","","LogManagement","oracle.database/cloudvmclusters","","Yes","No","No","Yes","No","No","https://learn.microsoft.com/en-us/azure/azure-monitor/reference/tables/oracleclouddatabase","","Yes","No","No","Yes"
"OracleWebLogicServer_CL","","","","","","","","No","No","No","No","No","Yes","","","","Yes","Yes","Yes"
"OrcaAlerts_CL","","","","","","","","No","No","No","No","No","Yes","","","","Yes","Yes","Yes"
"PFTitleAuditLogs","Reference for PFTitleAuditLogs table in Azure Monitor Logs.","Audit, Azure Resources","","","LogManagement","microsoft.playfab/titles","","Yes","No","No","Yes","No","No","https://learn.microsoft.com/en-us/azure/azure-monitor/reference/tables/pftitleauditlogs","","No","Yes","No","No"
"PGSQLAutovacuumStats","Reference for PGSQLAutovacuumStats table in Azure Monitor Logs.","Audit, Azure Resources","","","LogManagement","microsoft.dbforpostgresql/flexibleservers","","Yes","No","No","Yes","No","No","https://learn.microsoft.com/en-us/azure/azure-monitor/reference/tables/pgsqlautovacuumstats","","Yes","Yes","No","Yes"
"PGSQLDbTransactionsStats","Reference for PGSQLDbTransactionsStats table in Azure Monitor Logs.","Audit, Azure Resources","","","LogManagement","microsoft.dbforpostgresql/flexibleservers","","Yes","No","No","Yes","No","No","https://learn.microsoft.com/en-us/azure/azure-monitor/reference/tables/pgsqldbtransactionsstats","","Yes","Yes","No","Yes"
"PGSQLPgBouncer","Reference for PGSQLPgBouncer table in Azure Monitor Logs.","Audit, Azure Resources","","","LogManagement","microsoft.dbforpostgresql/flexibleservers","","Yes","No","No","Yes","No","No","https://learn.microsoft.com/en-us/azure/azure-monitor/reference/tables/pgsqlpgbouncer","","No","Yes","No","Yes"
"PGSQLPgStatActivitySessions","Reference for PGSQLPgStatActivitySessions table in Azure Monitor Logs.","Audit, Azure Resources","","","LogManagement","microsoft.dbforpostgresql/flexibleservers","","Yes","No","No","Yes","No","No","https://learn.microsoft.com/en-us/azure/azure-monitor/reference/tables/pgsqlpgstatactivitysessions","","Yes","Yes","No","Yes"
"PGSQLQueryStoreQueryText","Reference for PGSQLQueryStoreQueryText table in Azure Monitor Logs.","Audit, Azure Resources","","","LogManagement","microsoft.dbforpostgresql/flexibleservers","","Yes","No","No","Yes","No","No","https://learn.microsoft.com/en-us/azure/azure-monitor/reference/tables/pgsqlquerystorequerytext","","Yes","Yes","No","Yes"
"PGSQLQueryStoreRuntime","Reference for PGSQLQueryStoreRuntime table in Azure Monitor Logs.","Audit, Azure Resources","","","LogManagement","microsoft.dbforpostgresql/flexibleservers","","Yes","No","No","Yes","No","No","https://learn.microsoft.com/en-us/azure/azure-monitor/reference/tables/pgsqlquerystoreruntime","","Yes","Yes","No","Yes"
"PGSQLQueryStoreWaits","Reference for PGSQLQueryStoreWaits table in Azure Monitor Logs.","Audit, Azure Resources","","","LogManagement","microsoft.dbforpostgresql/flexibleservers","","Yes","No","No","Yes","No","No","https://learn.microsoft.com/en-us/azure/azure-monitor/reference/tables/pgsqlquerystorewaits","","Yes","Yes","No","Yes"
"PGSQLServerLogs","Reference for PGSQLServerLogs table in Azure Monitor Logs.","Audit, Azure Resources","","","LogManagement","microsoft.dbforpostgresql/flexibleservers","","Yes","No","No","Yes","No","No","https://learn.microsoft.com/en-us/azure/azure-monitor/reference/tables/pgsqlserverlogs","","Yes","Yes","No","Yes"
"PaloAltoCortexXDR_Alerts_CL","","","","","","","","No","No","No","No","No","Yes","","","","Yes","Yes","Yes"
"PaloAltoCortexXDR_Audit_Agent_CL","","","","","","","","No","No","No","No","No","Yes","","","","Yes","Yes","Yes"
"PaloAltoCortexXDR_Audit_Management_CL","","","","","","","","No","No","No","No","No","Yes","","","","Yes","Yes","Yes"
"PaloAltoCortexXDR_Endpoints_CL","","","","","","","","No","No","No","No","No","Yes","","","","Yes","Yes","Yes"
"PaloAltoCortexXDR_Incidents_CL","","","","","","","","No","No","No","No","No","Yes","","","","Yes","Yes","Yes"
"PaloAltoPrismaCloudAlertV2_CL","","","","","","","","No","No","No","No","No","Yes","","","","Yes","Yes","Yes"
"Perf","Reference for Perf table in Azure Monitor Logs.","Low value","Microsoft","AMA","LogManagement","microsoft.operationalinsights/workspaces, microsoft.containerservice/managedclusters, microsoft.kubernetes/connectedclusters, microsoft.compute/virtualmachines, microsoft.conenctedvmwarevsphere/virtualmachines, microsoft.azurestackhci/virtualmachines, microsoft.scvmm/virtualmachines, microsoft.compute/virtualmachinescalesets, microsoft.azurestackhci/clusters, microsoft.hybridcontainerservice/provisionedclusters","","Yes","No","No","Yes","No","No","https://learn.microsoft.com/en-us/azure/azure-monitor/reference/tables/perf","","Yes","Yes","No","No"
"PerfInsightsFindings","Reference for PerfInsightsFindings table in Azure Monitor Logs.","Azure Resources, Virtual Machines","","","LogManagement","microsoft.azuremonitordiagnosticsagents/datacollection, microsoft.compute/virtualmachines, microsoft.compute/virtualmachinescalesets","","Yes","No","No","Yes","No","No","https://learn.microsoft.com/en-us/azure/azure-monitor/reference/tables/perfinsightsfindings","","Yes","Yes","No","Yes"
"PerfInsightsImpactedResources","Reference for PerfInsightsImpactedResources table in Azure Monitor Logs.","Azure Resources, Virtual Machines","","","LogManagement","microsoft.azuremonitordiagnosticsagents/datacollection, microsoft.compute/virtualmachines, microsoft.compute/virtualmachinescalesets","","Yes","No","No","Yes","No","No","https://learn.microsoft.com/en-us/azure/azure-monitor/reference/tables/perfinsightsimpactedresources","","Yes","Yes","No","Yes"
"PerfInsightsRun","Reference for PerfInsightsRun table in Azure Monitor Logs.","Azure Resources, Virtual Machines","","","LogManagement","microsoft.azuremonitordiagnosticsagents/datacollection, microsoft.compute/virtualmachines, microsoft.compute/virtualmachinescalesets","","Yes","No","No","Yes","No","No","https://learn.microsoft.com/en-us/azure/azure-monitor/reference/tables/perfinsightsrun","","Yes","Yes","No","Yes"
"Perimeter81_CL","","","","","","","","No","No","No","No","No","Yes","","","","No","Yes","No"
"Phosphorus_CL","","","","","","","","No","No","No","No","No","Yes","","","","No","Yes","No"
"PingOne_AuditActivitiesV2_CL","","","","","","","","No","No","No","No","No","Yes","","","","Yes","Yes","Yes"
"PostgreSQL_CL","","","","","","","","No","No","No","No","No","Yes","","","","Yes","Yes","Yes"
"PowerAppsActivity","Reference for PowerAppsActivity table in Azure Monitor Logs.","Audit, Security","","","SecurityInsights","-","","Yes","No","No","Yes","No","No","https://learn.microsoft.com/en-us/azure/azure-monitor/reference/tables/powerappsactivity","","Yes","Yes","No","Yes"
"PowerAutomateActivity","Reference for PowerAutomateActivity table in Azure Monitor Logs.","Audit, Security","","","SecurityInsights","-","","Yes","No","No","Yes","No","Yes","https://learn.microsoft.com/en-us/azure/azure-monitor/reference/tables/powerautomateactivity","","Yes","Yes","No","Yes"
"PowerBIActivity","Reference for PowerBIActivity table in Azure Monitor Logs.","Audit, Security","","","SecurityInsights","-","","Yes","No","No","Yes","No","Yes","https://learn.microsoft.com/en-us/azure/azure-monitor/reference/tables/powerbiactivity","","Yes","Yes","No","Yes"
"PowerBIDatasetsTenant","Reference for PowerBIDatasetsTenant table in Azure Monitor Logs.","Azure Resources","","","LogManagement","microsoft.powerbi/tenants","","Yes","No","No","Yes","No","No","https://learn.microsoft.com/en-us/azure/azure-monitor/reference/tables/powerbidatasetstenant","","Yes","Yes","No","Yes"
"PowerBIDatasetsWorkspace","Reference for PowerBIDatasetsWorkspace table in Azure Monitor Logs.","Azure Resources","","","LogManagement","microsoft.powerbi/tenants/workspaces","","Yes","No","No","Yes","No","No","https://learn.microsoft.com/en-us/azure/azure-monitor/reference/tables/powerbidatasetsworkspace","","Yes","Yes","No","Yes"
"PowerPlatformAdminActivity","Reference for PowerPlatformAdminActivity table in Azure Monitor Logs.","Audit, Security","","","SecurityInsights","-","","Yes","No","No","Yes","No","Yes","https://learn.microsoft.com/en-us/azure/azure-monitor/reference/tables/powerplatformadminactivity","","Yes","Yes","No","Yes"
"PowerPlatformConnectorActivity","Reference for PowerPlatformConnectorActivity table in Azure Monitor Logs.","Audit, Security","","","SecurityInsights","-","","Yes","No","No","Yes","No","No","https://learn.microsoft.com/en-us/azure/azure-monitor/reference/tables/powerplatformconnectoractivity","","Yes","Yes","No","Yes"
"PowerPlatformDlpActivity","Reference for PowerPlatformDlpActivity table in Azure Monitor Logs.","Audit, Security","","","SecurityInsights","-","","Yes","No","No","Yes","No","No","https://learn.microsoft.com/en-us/azure/azure-monitor/reference/tables/powerplatformdlpactivity","","Yes","Yes","No","Yes"
"PreAuthenticationDiscoveryLogs","Reference for PreAuthenticationDiscoveryLogs table in Azure Monitor Logs.","-","","","LogManagement","-","","Yes","No","No","Yes","No","No","https://learn.microsoft.com/en-us/azure/azure-monitor/reference/tables/preauthenticationdiscoverylogs","","Yes","No","No","Yes"
"PrismaCloudCompute_CL","","","","","","","","No","No","No","No","No","Yes","","","","Yes","Yes","Yes"
"ProjectActivity","Reference for ProjectActivity table in Azure Monitor Logs.","Security","","","SecurityInsights","-","","Yes","No","No","Yes","No","Yes","https://learn.microsoft.com/en-us/azure/azure-monitor/reference/tables/projectactivity","","Yes","Yes","No","Yes"
"ProofPointTAPClicksBlockedV2_CL","","","","","","","","No","No","No","No","No","Yes","","","","Yes","Yes","Yes"
"ProofPointTAPClicksPermittedV2_CL","","","","","","","","No","No","No","No","No","Yes","","","","Yes","Yes","Yes"
"ProofPointTAPMessagesBlockedV2_CL","","","","","","","","No","No","No","No","No","Yes","","","","Yes","Yes","Yes"
"ProofPointTAPMessagesDeliveredV2_CL","","","","","","","","No","No","No","No","No","Yes","","","","Yes","Yes","Yes"
"ProofpointPODMailLog_CL","","","","","","","","No","No","No","No","No","Yes","","","","Yes","Yes","Yes"
"ProofpointPODMessage_CL","","","","","","","","No","No","No","No","No","Yes","","","","Yes","Yes","Yes"
"ProtectionStatus","Reference for ProtectionStatus table in Azure Monitor Logs.","Security","","","AntiMalware, Security, SecurityCenter, SecurityCenterFree","microsoft.compute/virtualmachines, microsoft.conenctedvmwarevsphere/virtualmachines, microsoft.azurestackhci/virtualmachines, microsoft.scvmm/virtualmachines, microsoft.compute/virtualmachinescalesets","","Yes","No","No","Yes","No","No","https://learn.microsoft.com/en-us/azure/azure-monitor/reference/tables/protectionstatus","","No","Yes","No","No"
"PurviewDataSensitivityLogs","Reference for PurviewDataSensitivityLogs table in Azure Monitor Logs.","Azure Resources, Security","","","LogManagement","microsoft.securityinsights/purview, microsoft.purview/accounts","","Yes","No","No","Yes","No","Yes","https://learn.microsoft.com/en-us/azure/azure-monitor/reference/tables/purviewdatasensitivitylogs","","No","Yes","No","Yes"
"PurviewScanStatusLogs","Reference for PurviewScanStatusLogs table in Azure Monitor Logs.","Azure Resources","","","LogManagement","microsoft.purview/accounts","","Yes","No","No","Yes","No","No","https://learn.microsoft.com/en-us/azure/azure-monitor/reference/tables/purviewscanstatuslogs","","No","Yes","No","No"
"PurviewSecurityLogs","Reference for PurviewSecurityLogs table in Azure Monitor Logs.","Azure Resources","","","LogManagement","microsoft.purview/accounts","","Yes","No","No","Yes","No","No","https://learn.microsoft.com/en-us/azure/azure-monitor/reference/tables/purviewsecuritylogs","","No","Yes","No","No"
"QscoutAppEvents_CL","","","","","","","","No","No","No","No","No","Yes","","","","No","Yes","No"
"QualysHostDetectionV3_CL","","","","","","","","No","No","No","No","No","Yes","","","","Yes","Yes","Yes"
"QualysKB_CL","","","","","","","","No","No","No","No","No","Yes","","","","Yes","Yes","Yes"
"QualysKnowledgeBase","Reference for QualysKnowledgeBase table in Azure Monitor Logs.","Security","","","SecurityInsights","-","","Yes","No","No","Yes","Yes","Yes","https://learn.microsoft.com/en-us/azure/azure-monitor/reference/tables/qualysknowledgebase","","Yes","Yes","Yes","Yes"
"QuantumProviderAccountDeviceOperationLogs","Reference for QuantumProviderAccountDeviceOperationLogs table in Azure Monitor Logs.","-","","","LogManagement","-","","Yes","No","No","Yes","No","No","https://learn.microsoft.com/en-us/azure/azure-monitor/reference/tables/quantumprovideraccountdeviceoperationlogs","","No","No","No","Yes"
"QuantumProviderAccountJobAuditLogs","Reference for QuantumProviderAccountJobAuditLogs table in Azure Monitor Logs.","Audit","","","LogManagement","microsoft.quantum/provideraccounts","","Yes","No","No","Yes","No","No","https://learn.microsoft.com/en-us/azure/azure-monitor/reference/tables/quantumprovideraccountjobauditlogs","","Yes","No","No","Yes"
"QuantumProviderAccountQueueAuditLogs","Reference for QuantumProviderAccountQueueAuditLogs table in Azure Monitor Logs.","Audit","","","LogManagement","microsoft.quantum/provideraccounts","","Yes","No","No","Yes","No","No","https://learn.microsoft.com/en-us/azure/azure-monitor/reference/tables/quantumprovideraccountqueueauditlogs","","Yes","No","No","Yes"
"QuantumProviderAccountTargetAuditLogs","Reference for QuantumProviderAccountTargetAuditLogs table in Azure Monitor Logs.","Audit","","","LogManagement","microsoft.quantum/provideraccounts","","Yes","No","No","Yes","No","No","https://learn.microsoft.com/en-us/azure/azure-monitor/reference/tables/quantumprovideraccounttargetauditlogs","","Yes","No","No","Yes"
"QuantumWorkspaceJobAuditLogs","Reference for QuantumWorkspaceJobAuditLogs table in Azure Monitor Logs.","Audit","","","LogManagement","microsoft.quantum/workspaces","","Yes","No","No","Yes","No","No","https://learn.microsoft.com/en-us/azure/azure-monitor/reference/tables/quantumworkspacejobauditlogs","","Yes","No","No","Yes"
"REDConnectionEvents","Reference for REDConnectionEvents table in Azure Monitor Logs.","Audit, Azure Resources","","","LogManagement","microsoft.cache/redisenterprise","","Yes","No","No","Yes","No","No","https://learn.microsoft.com/en-us/azure/azure-monitor/reference/tables/redconnectionevents","","Yes","Yes","No","Yes"
"RSAIDPlus_AdminLogs_CL","","","","","","","","No","No","No","No","No","Yes","","","","No","Yes","No"
"RadiflowEvent","","","","","","","","No","No","No","No","No","Yes","","","","No","No","No"
"Rapid7InsightVMCloudAssets","Reference for Rapid7InsightVMCloudAssets table in Azure Monitor Logs.","Security","","","SecurityInsights","-","","Yes","No","No","Yes","Yes","Yes","https://learn.microsoft.com/en-us/azure/azure-monitor/reference/tables/rapid7insightvmcloudassets","","Yes","Yes","Yes","Yes"
"Rapid7InsightVMCloudVulnerabilities","Reference for Rapid7InsightVMCloudVulnerabilities table in Azure Monitor Logs.","Security","","","SecurityInsights","-","","Yes","No","No","Yes","Yes","Yes","https://learn.microsoft.com/en-us/azure/azure-monitor/reference/tables/rapid7insightvmcloudvulnerabilities","","Yes","Yes","Yes","Yes"
"RedSiftAuth_CL","","","","","","","","No","No","No","No","No","Yes","","","","No","Yes","No"
"RedSiftEmailForensics_CL","","","","","","","","No","No","No","No","No","Yes","","","","No","Yes","No"
"RemoteNetworkHealthLogs","Reference for RemoteNetworkHealthLogs table in Azure Monitor Logs.","IT & Management Tools, Network, Security","","","LogManagement","-","","Yes","No","No","Yes","No","No","https://learn.microsoft.com/en-us/azure/azure-monitor/reference/tables/remotenetworkhealthlogs","","Yes","Yes","No","Yes"
"ResourceManagementPublicAccessLogs","Reference for ResourceManagementPublicAccessLogs table in Azure Monitor Logs.","Azure Resources","","","LogManagement","-","","Yes","No","No","Yes","No","No","https://learn.microsoft.com/en-us/azure/azure-monitor/reference/tables/resourcemanagementpublicaccesslogs","","No","Yes","No","No"
"RetinaNetworkFlowLogs","Reference for RetinaNetworkFlowLogs table in Azure Monitor Logs.","Containers","","","LogManagement","microsoft.containerservice/managedclusters","","Yes","No","No","Yes","No","No","https://learn.microsoft.com/en-us/azure/azure-monitor/reference/tables/retinanetworkflowlogs","","Yes","Yes","No","No"
"Rubrik_Anomaly_Data_CL","","","","","","","","No","No","No","No","No","Yes","","","","Yes","Yes","Yes"
"Rubrik_Events_Data_CL","","","","","","","","No","No","No","No","No","Yes","","","","Yes","Yes","Yes"
"Rubrik_Ransomware_Data_CL","","","","","","","","No","No","No","No","No","Yes","","","","Yes","Yes","Yes"
"Rubrik_ThreatHunt_Data_CL","","","","","","","","No","No","No","No","No","Yes","","","","Yes","Yes","Yes"
"SAPBTPAuditLog_CL","","","","","","","","No","No","No","No","No","Yes","","","","Yes","Yes","Yes"
"SAPETDAlerts_CL","","","","","","","","No","No","No","No","No","Yes","","","","Yes","Yes","Yes"
"SAPETDInvestigations_CL","","","","","","","","No","No","No","No","No","Yes","","","","Yes","Yes","Yes"
"SAPLogServ_CL","","","","","","","","No","No","No","No","No","Yes","","","","Yes","Yes","Yes"
"SCCMAssessmentRecommendation","Reference for SCCMAssessmentRecommendation table in Azure Monitor Logs.","Workloads","","","AzureResources, SCCMAssessmentPlus","-","","Yes","No","No","Yes","Yes","No","https://learn.microsoft.com/en-us/azure/azure-monitor/reference/tables/sccmassessmentrecommendation","","No","Yes","Yes","No"
"SCGPoolExecutionLog","Reference for SCGPoolExecutionLog table in Azure Monitor Logs.","Audit, Azure Monitor","","","LogManagement","microsoft.standbypool/standbycontainergrouppools","","Yes","No","No","Yes","No","No","https://learn.microsoft.com/en-us/azure/azure-monitor/reference/tables/scgpoolexecutionlog","","Yes","Yes","No","Yes"
"SCGPoolRequestLog","Reference for SCGPoolRequestLog table in Azure Monitor Logs.","Audit","","","LogManagement","microsoft.standbypool/standbycontainergrouppools","","Yes","No","No","Yes","No","No","https://learn.microsoft.com/en-us/azure/azure-monitor/reference/tables/scgpoolrequestlog","","Yes","Yes","No","Yes"
"SCOMAssessmentRecommendation","Reference for SCOMAssessmentRecommendation table in Azure Monitor Logs.","Workloads","","","AzureResources, SCOMAssessment, SCOMAssessmentPlus","-","","Yes","No","No","Yes","Yes","No","https://learn.microsoft.com/en-us/azure/azure-monitor/reference/tables/scomassessmentrecommendation","","No","Yes","Yes","No"
"SOCPrimeAuditLogs_CL","","","","","","","","No","No","No","No","No","Yes","","","","Yes","Yes","Yes"
"SPAssessmentRecommendation","Reference for SPAssessmentRecommendation table in Azure Monitor Logs.","Workloads","","","AzureResources, SPAssessment","-","","Yes","No","No","Yes","Yes","No","https://learn.microsoft.com/en-us/azure/azure-monitor/reference/tables/spassessmentrecommendation","","No","Yes","Yes","No"
"SQLAssessmentRecommendation","Reference for SQLAssessmentRecommendation table in Azure Monitor Logs.","Workloads","","AMA","AzureResources, SQLAssessment, SQLAssessmentPlus","microsoft.compute/virtualmachines, microsoft.conenctedvmwarevsphere/virtualmachines, microsoft.azurestackhci/virtualmachines, microsoft.scvmm/virtualmachines","","Yes","No","No","Yes","Yes","No","https://learn.microsoft.com/en-us/azure/azure-monitor/reference/tables/sqlassessmentrecommendation","","No","Yes","Yes","No"
"SQLSecurityAuditEvents","Reference for SQLSecurityAuditEvents table in Azure Monitor Logs.","Azure Resources","","","LogManagement","microsoft.synapse/workspaces","","Yes","No","No","Yes","No","No","https://learn.microsoft.com/en-us/azure/azure-monitor/reference/tables/sqlsecurityauditevents","","No","Yes","No","No"
"SVMPoolExecutionLog","Reference for SVMPoolExecutionLog table in Azure Monitor Logs.","Audit, Azure Monitor","","","LogManagement","microsoft.standbypool/standbyvirtualmachinepools","","Yes","No","No","Yes","No","No","https://learn.microsoft.com/en-us/azure/azure-monitor/reference/tables/svmpoolexecutionlog","","Yes","Yes","No","No"
"SVMPoolRequestLog","Reference for SVMPoolRequestLog table in Azure Monitor Logs.","Audit","","","LogManagement","microsoft.standbypool/standbyvirtualmachinepools","","Yes","No","No","Yes","No","No","https://learn.microsoft.com/en-us/azure/azure-monitor/reference/tables/svmpoolrequestlog","","Yes","Yes","No","No"
"SalesForceRealTimeEventMonitoring_CL","","","","","","","","No","No","No","No","No","Yes","","","","No","Yes","No"
"SalesforceAuditTrail","Reference for SalesforceAuditTrail table in Azure Monitor Logs.","Security","","","SecurityInsights","-","","Yes","No","No","Yes","No","Yes","https://learn.microsoft.com/en-us/azure/azure-monitor/reference/tables/salesforceaudittrail","","Yes","Yes","No","Yes"
"SalesforceLoginHistory","Reference for SalesforceLoginHistory table in Azure Monitor Logs.","Security","","","SecurityInsights","-","","Yes","No","No","Yes","No","No","https://learn.microsoft.com/en-us/azure/azure-monitor/reference/tables/salesforceloginhistory","","Yes","Yes","No","Yes"
"SalesforceServiceCloudV3_CL","","","","","","","","No","No","No","No","No","Yes","","","","No","Yes","No"
"Samsung_Knox_Audit_CL","","","","","","","","No","No","No","No","No","Yes","","","","Yes","Yes","Yes"
"SecureScoreControls","Reference for SecureScoreControls table in Azure Monitor Logs.","-","","","Security, SecurityCenter, SecurityCenterFree","-","","Yes","No","No","Yes","No","No","https://learn.microsoft.com/en-us/azure/azure-monitor/reference/tables/securescorecontrols","","No","Yes","No","No"
"SecureScores","Reference for SecureScores table in Azure Monitor Logs.","-","","","Security, SecurityCenter, SecurityCenterFree","-","","Yes","No","No","Yes","No","No","https://learn.microsoft.com/en-us/azure/azure-monitor/reference/tables/securescores","","No","Yes","No","No"
"SecurityAlert","Reference for SecurityAlert table in Azure Monitor Logs.","Internal","Microsoft","Internal","AzureSecurityOfThings, Security, SecurityCenter, SecurityCenterFree, SecurityInsights","microsoft.securityinsights/securityinsights","","Yes","No","No","Yes","No","Yes","https://learn.microsoft.com/en-us/azure/azure-monitor/reference/tables/securityalert","","No","Yes","No","Yes"
"SecurityAlert​","","","","","","","","No","No","No","No","No","Yes","","","","No","No","No"
"SecurityAttackPathData","Reference for SecurityAttackPathData table in Azure Monitor Logs.","Security","","","Security, SecurityCenter, SecurityCenterFree","microsoft.security/security","","Yes","No","No","Yes","No","No","https://learn.microsoft.com/en-us/azure/azure-monitor/reference/tables/securityattackpathdata","","Yes","Yes","No","Yes"
"SecurityBaseline","Reference for SecurityBaseline table in Azure Monitor Logs.","Security","","","Security, SecurityCenter, SecurityCenterFree","microsoft.compute/virtualmachines, microsoft.conenctedvmwarevsphere/virtualmachines, microsoft.azurestackhci/virtualmachines, microsoft.scvmm/virtualmachines, microsoft.compute/virtualmachinescalesets","","Yes","No","No","Yes","No","No","https://learn.microsoft.com/en-us/azure/azure-monitor/reference/tables/securitybaseline","","No","Yes","No","No"
"SecurityBaselineSummary","Reference for SecurityBaselineSummary table in Azure Monitor Logs.","Security","","","Security, SecurityCenter, SecurityCenterFree","microsoft.compute/virtualmachines, microsoft.conenctedvmwarevsphere/virtualmachines, microsoft.azurestackhci/virtualmachines, microsoft.scvmm/virtualmachines","","Yes","No","No","Yes","No","No","https://learn.microsoft.com/en-us/azure/azure-monitor/reference/tables/securitybaselinesummary","","No","Yes","No","No"
"SecurityBridgeLogs_CL","","","","","","","","No","No","No","No","No","Yes","","","","Yes","Yes","Yes"
"SecurityCaseEvent","Reference for SecurityCaseEvent table in Azure Monitor Logs.","Audit","","","LogManagement","-","","Yes","No","No","Yes","No","No","https://learn.microsoft.com/en-us/azure/azure-monitor/reference/tables/securitycaseevent","","Yes","No","No","Yes"
"SecurityDetection","Reference for SecurityDetection table in Azure Monitor Logs.","Security","","","Security","-","","Yes","No","No","Yes","No","No","https://learn.microsoft.com/en-us/azure/azure-monitor/reference/tables/securitydetection","","No","Yes","No","No"
"SecurityEvent","Reference for SecurityEvent table in Azure Monitor Logs.","Windows","Microsoft","AMA","Security, SecurityInsights","microsoft.securityinsights/securityinsights, microsoft.compute/virtualmachines, microsoft.conenctedvmwarevsphere/virtualmachines, microsoft.azurestackhci/virtualmachines, microsoft.scvmm/virtualmachines, microsoft.compute/virtualmachinescalesets","","Yes","No","No","Yes","Yes","Yes","https://learn.microsoft.com/en-us/azure/azure-monitor/reference/tables/securityevent","","Yes","Yes","Yes","Yes"
"SecurityIncident","Reference for SecurityIncident table in Azure Monitor Logs.","Internal","Microsoft","Internal","SecurityInsights","-","","Yes","No","No","Yes","No","Yes","https://learn.microsoft.com/en-us/azure/azure-monitor/reference/tables/securityincident","","No","Yes","No","Yes"
"SecurityIoTRawEvent","Reference for SecurityIoTRawEvent table in Azure Monitor Logs.","Security","","","AzureSecurityOfThings","-","","Yes","No","No","Yes","No","No","https://learn.microsoft.com/en-us/azure/azure-monitor/reference/tables/securityiotrawevent","","No","Yes","No","No"
"SecurityNestedRecommendation","Reference for SecurityNestedRecommendation table in Azure Monitor Logs.","-","","","Security, SecurityCenter, SecurityCenterFree","-","","Yes","No","No","Yes","No","No","https://learn.microsoft.com/en-us/azure/azure-monitor/reference/tables/securitynestedrecommendation","","No","Yes","No","No"
"SecurityRecommendation","Reference for SecurityRecommendation table in Azure Monitor Logs.","Security","","","AzureSecurityOfThings, Security, SecurityCenterFree","-","","Yes","No","No","Yes","No","No","https://learn.microsoft.com/en-us/azure/azure-monitor/reference/tables/securityrecommendation","","No","Yes","No","No"
"SecurityRegulatoryCompliance","Reference for SecurityRegulatoryCompliance table in Azure Monitor Logs.","-","","","Security, SecurityCenter, SecurityCenterFree","-","","Yes","No","No","Yes","No","No","https://learn.microsoft.com/en-us/azure/azure-monitor/reference/tables/securityregulatorycompliance","","No","Yes","No","No"
"Seg_Cg_CL","","","","","","","","No","No","No","No","No","Yes","","","","Yes","Yes","Yes"
"Seg_Dlp_CL","","","","","","","","No","No","No","No","No","Yes","","","","Yes","Yes","Yes"
"SentinelAlibabaCloudAPIGatewayLogs","Reference for SentinelAlibabaCloudAPIGatewayLogs table in Azure Monitor Logs.","Security","","","SecurityInsights","-","","Yes","No","No","Yes","Yes","No","https://learn.microsoft.com/en-us/azure/azure-monitor/reference/tables/sentinelalibabacloudapigatewaylogs","","Yes","Yes","Yes","Yes"
"SentinelAlibabaCloudVPCFlowLogs","Reference for SentinelAlibabaCloudVPCFlowLogs table in Azure Monitor Logs.","Security","","","SecurityInsights","-","","Yes","No","No","Yes","Yes","No","https://learn.microsoft.com/en-us/azure/azure-monitor/reference/tables/sentinelalibabacloudvpcflowlogs","","Yes","Yes","Yes","Yes"
"SentinelAlibabaCloudWAFLogs","Reference for SentinelAlibabaCloudWAFLogs table in Azure Monitor Logs.","Security","","","SecurityInsights","-","","Yes","No","No","Yes","Yes","No","https://learn.microsoft.com/en-us/azure/azure-monitor/reference/tables/sentinelalibabacloudwaflogs","","Yes","Yes","Yes","Yes"
"SentinelAudit","Reference for SentinelAudit table in Azure Monitor Logs.","Internal","Microsoft","Internal","SecurityInsights","-","","Yes","No","No","Yes","No","No","https://learn.microsoft.com/en-us/azure/azure-monitor/reference/tables/sentinelaudit","","No","Yes","No","Yes"
"SentinelBehaviorEntities","Reference for SentinelBehaviorEntities table in Azure Monitor Logs.","Security","","","SecurityInsights","microsoft.securityinsights/securityinsights","","Yes","No","No","Yes","No","No","https://learn.microsoft.com/en-us/azure/azure-monitor/reference/tables/sentinelbehaviorentities","","Yes","No","No","No"
"SentinelBehaviorInfo","Reference for SentinelBehaviorInfo table in Azure Monitor Logs.","Security","","","SecurityInsights","microsoft.securityinsights/securityinsights","","Yes","No","No","Yes","No","No","https://learn.microsoft.com/en-us/azure/azure-monitor/reference/tables/sentinelbehaviorinfo","","Yes","No","No","No"
"SentinelHealth","Reference for SentinelHealth table in Azure Monitor Logs.","Security","","Internal","SecurityInsights","-","","Yes","No","No","Yes","No","No","https://learn.microsoft.com/en-us/azure/azure-monitor/reference/tables/sentinelhealth","","No","Yes","No","Yes"
"SentinelImpervaWAFCloudV2Logs","Reference for SentinelImpervaWAFCloudV2Logs table in Azure Monitor Logs.","Security","","","SecurityInsights","-","","Yes","No","No","Yes","No","No","https://learn.microsoft.com/en-us/azure/azure-monitor/reference/tables/sentinelimpervawafcloudv2logs","","Yes","Yes","No","Yes"
"SentinelOneActivities_CL","","","","","","","","No","No","No","No","No","Yes","","","","Yes","Yes","Yes"
"SentinelOneAgents_CL","","","","","","","","No","No","No","No","No","Yes","","","","Yes","Yes","Yes"
"SentinelOneAlerts_CL","","","","","","","","No","No","No","No","No","Yes","","","","Yes","Yes","Yes"
"SentinelOneGroups_CL","","","","","","","","No","No","No","No","No","Yes","","","","Yes","Yes","Yes"
"SentinelOneThreats_CL","","","","","","","","No","No","No","No","No","Yes","","","","Yes","Yes","Yes"
"SentinelOne_CL","","","","","","","","No","No","No","No","No","Yes","","","","Yes","Yes","Yes"
"SeraphicWebSecurity_CL","","","","","","","","No","No","No","No","No","Yes","","","","No","Yes","No"
"ServiceFabricOperationalEvent","Reference for ServiceFabricOperationalEvent table in Azure Monitor Logs.","Azure Resources","","","LogManagement","-","","Yes","No","No","Yes","No","No","https://learn.microsoft.com/en-us/azure/azure-monitor/reference/tables/servicefabricoperationalevent","","No","No","No","No"
"ServiceFabricReliableActorEvent","Reference for ServiceFabricReliableActorEvent table in Azure Monitor Logs.","Azure Resources","","","LogManagement","-","","Yes","No","No","Yes","No","No","https://learn.microsoft.com/en-us/azure/azure-monitor/reference/tables/servicefabricreliableactorevent","","No","No","No","No"
"ServiceFabricReliableServiceEvent","Reference for ServiceFabricReliableServiceEvent table in Azure Monitor Logs.","Azure Resources","","","LogManagement","-","","Yes","No","No","Yes","No","No","https://learn.microsoft.com/en-us/azure/azure-monitor/reference/tables/servicefabricreliableserviceevent","","No","No","No","No"
"SfBAssessmentRecommendation","Reference for SfBAssessmentRecommendation table in Azure Monitor Logs.","Workloads","","","AzureResources, SfBAssessment","-","","Yes","No","No","Yes","Yes","No","https://learn.microsoft.com/en-us/azure/azure-monitor/reference/tables/sfbassessmentrecommendation","","No","Yes","Yes","No"
"SfBOnlineAssessmentRecommendation","Reference for SfBOnlineAssessmentRecommendation table in Azure Monitor Logs.","Workloads","","","AzureResources, SfBOnlineAssessment","-","","Yes","No","No","Yes","Yes","No","https://learn.microsoft.com/en-us/azure/azure-monitor/reference/tables/sfbonlineassessmentrecommendation","","No","Yes","Yes","No"
"SharePointOnlineAssessmentRecommendation","Reference for SharePointOnlineAssessmentRecommendation table in Azure Monitor Logs.","Workloads","","","AzureResources, SharePointOnlineAssessment","-","","Yes","No","No","Yes","Yes","No","https://learn.microsoft.com/en-us/azure/azure-monitor/reference/tables/sharepointonlineassessmentrecommendation","","No","Yes","Yes","No"
"SignalRServiceDiagnosticLogs","Reference for SignalRServiceDiagnosticLogs table in Azure Monitor Logs.","Azure Resources","","","LogManagement","microsoft.signalrservice/signalr","","Yes","No","No","Yes","No","No","https://learn.microsoft.com/en-us/azure/azure-monitor/reference/tables/signalrservicediagnosticlogs","","No","Yes","No","No"
"SigninLogs","Reference for SigninLogs table in Azure Monitor Logs.","Azure Resources, Security","","","LogManagement","microsoft.graph/tenants","","Yes","No","No","Yes","No","Yes","https://learn.microsoft.com/en-us/azure/azure-monitor/reference/tables/signinlogs","","Yes","Yes","No","Yes"
"SlackAuditV2_CL","","","","","","","","No","No","No","No","No","Yes","","","","Yes","Yes","Yes"
"SnowflakeLoad_CL","","","","","","","","No","No","No","No","No","Yes","","","","Yes","Yes","Yes"
"SnowflakeLogin_CL","","","","","","","","No","No","No","No","No","Yes","","","","Yes","Yes","Yes"
"SnowflakeMaterializedView_CL","","","","","","","","No","No","No","No","No","Yes","","","","Yes","Yes","Yes"
"SnowflakeQuery_CL","","","","","","","","No","No","No","No","No","Yes","","","","Yes","Yes","Yes"
"SnowflakeRoleGrant_CL","","","","","","","","No","No","No","No","No","Yes","","","","Yes","Yes","Yes"
"SnowflakeRoles_CL","","","","","","","","No","No","No","No","No","Yes","","","","Yes","Yes","Yes"
"SnowflakeTableStorageMetrics_CL","","","","","","","","No","No","No","No","No","Yes","","","","Yes","Yes","Yes"
"SnowflakeTables_CL","","","","","","","","No","No","No","No","No","Yes","","","","Yes","Yes","Yes"
"SnowflakeUserGrant_CL","","","","","","","","No","No","No","No","No","Yes","","","","Yes","Yes","Yes"
"SnowflakeUsers_CL","","","","","","","","No","No","No","No","No","Yes","","","","Yes","Yes","Yes"
"Sonrai_Tickets_CL","","","","","","","","No","No","No","No","No","Yes","","","","No","Yes","No"
"SophosEPEvents_CL","","","","","","","","No","No","No","No","No","Yes","","","","Yes","Yes","Yes"
"SophosEP_CL","","","","","","","","No","No","No","No","No","Yes","","","","Yes","Yes","Yes"
"SqlAtpStatus","Reference for SqlAtpStatus table in Azure Monitor Logs.","-","","","SQLAdvancedThreatProtection","-","","Yes","No","No","Yes","No","No","https://learn.microsoft.com/en-us/azure/azure-monitor/reference/tables/sqlatpstatus","","No","Yes","No","No"
"SqlVulnerabilityAssessmentResult","Reference for SqlVulnerabilityAssessmentResult table in Azure Monitor Logs.","Workloads","","","SQLThreatDetection, SQLVulnerabilityAssessment","-","","Yes","No","No","Yes","No","No","https://learn.microsoft.com/en-us/azure/azure-monitor/reference/tables/sqlvulnerabilityassessmentresult","","No","Yes","No","No"
"SqlVulnerabilityAssessmentScanStatus","Reference for SqlVulnerabilityAssessmentScanStatus table in Azure Monitor Logs.","-","","","SQLVulnerabilityAssessment","-","","Yes","No","No","Yes","No","No","https://learn.microsoft.com/en-us/azure/azure-monitor/reference/tables/sqlvulnerabilityassessmentscanstatus","","No","Yes","No","No"
"SquidProxy_CL","","","","","","","","No","No","No","No","No","Yes","","","","Yes","Yes","Yes"
"StorageBlobLogs","Reference for StorageBlobLogs table in Azure Monitor Logs.","Azure Resources","","","LogManagement","microsoft.storage/storageaccounts","","Yes","No","No","Yes","No","Yes","https://learn.microsoft.com/en-us/azure/azure-monitor/reference/tables/storagebloblogs","","Yes","Yes","No","Yes"
"StorageCacheOperationEvents","Reference for StorageCacheOperationEvents table in Azure Monitor Logs.","Azure Resources","","","LogManagement","microsoft.storagecache/caches","","Yes","No","No","Yes","No","No","https://learn.microsoft.com/en-us/azure/azure-monitor/reference/tables/storagecacheoperationevents","","No","Yes","No","No"
"StorageCacheUpgradeEvents","Reference for StorageCacheUpgradeEvents table in Azure Monitor Logs.","Azure Resources","","","LogManagement","microsoft.storagecache/caches","","Yes","No","No","Yes","No","No","https://learn.microsoft.com/en-us/azure/azure-monitor/reference/tables/storagecacheupgradeevents","","No","Yes","No","No"
"StorageCacheWarningEvents","Reference for StorageCacheWarningEvents table in Azure Monitor Logs.","Azure Resources","","","LogManagement","microsoft.storagecache/caches","","Yes","No","No","Yes","No","No","https://learn.microsoft.com/en-us/azure/azure-monitor/reference/tables/storagecachewarningevents","","No","Yes","No","No"
"StorageFileLogs","Reference for StorageFileLogs table in Azure Monitor Logs.","Azure Resources","","","LogManagement","microsoft.storage/storageaccounts","","Yes","No","No","Yes","No","Yes","https://learn.microsoft.com/en-us/azure/azure-monitor/reference/tables/storagefilelogs","","Yes","Yes","No","Yes"
"StorageMalwareScanningResults","Reference for StorageMalwareScanningResults table in Azure Monitor Logs.","Azure Resources, Security","","","LogManagement","microsoft.security/defenderforstoragesettings","","Yes","No","No","Yes","No","No","https://learn.microsoft.com/en-us/azure/azure-monitor/reference/tables/storagemalwarescanningresults","","Yes","Yes","No","Yes"
"StorageMoverAuditLogs","Reference for StorageMoverAuditLogs table in Azure Monitor Logs.","Azure Resources","","","LogManagement","microsoft.storagemover/storagemovers","","Yes","No","No","Yes","No","No","https://learn.microsoft.com/en-us/azure/azure-monitor/reference/tables/storagemoverauditlogs","","Yes","No","No","No"
"StorageMoverCopyLogsFailed","Reference for StorageMoverCopyLogsFailed table in Azure Monitor Logs.","Azure Resources","","","LogManagement","microsoft.storagemover/storagemovers","","Yes","No","No","Yes","No","No","https://learn.microsoft.com/en-us/azure/azure-monitor/reference/tables/storagemovercopylogsfailed","","Yes","Yes","No","Yes"
"StorageMoverCopyLogsTransferred","Reference for StorageMoverCopyLogsTransferred table in Azure Monitor Logs.","Azure Resources","","","LogManagement","microsoft.storagemover/storagemovers","","Yes","No","No","Yes","No","No","https://learn.microsoft.com/en-us/azure/azure-monitor/reference/tables/storagemovercopylogstransferred","","Yes","Yes","No","Yes"
"StorageMoverJobRunLogs","Reference for StorageMoverJobRunLogs table in Azure Monitor Logs.","Azure Resources","","","LogManagement","microsoft.storagemover/storagemovers","","Yes","No","No","Yes","No","No","https://learn.microsoft.com/en-us/azure/azure-monitor/reference/tables/storagemoverjobrunlogs","","Yes","Yes","No","No"
"StorageQueueLogs","Reference for StorageQueueLogs table in Azure Monitor Logs.","Azure Resources","","","LogManagement","microsoft.storage/storageaccounts","","Yes","No","No","Yes","No","Yes","https://learn.microsoft.com/en-us/azure/azure-monitor/reference/tables/storagequeuelogs","","Yes","Yes","No","Yes"
"StorageTableLogs","Reference for StorageTableLogs table in Azure Monitor Logs.","Azure Resources","","","LogManagement","microsoft.storage/storageaccounts","","Yes","No","No","Yes","No","Yes","https://learn.microsoft.com/en-us/azure/azure-monitor/reference/tables/storagetablelogs","","Yes","Yes","No","Yes"
"StriderShieldEmailAddresses_CL","","","","","","","","No","No","No","No","No","Yes","","","","Yes","Yes","Yes"
"SucceededIngestion","Reference for SucceededIngestion table in Azure Monitor Logs.","Azure Resources","","","LogManagement","microsoft.kusto/clusters","","Yes","No","No","Yes","No","No","https://learn.microsoft.com/en-us/azure/azure-monitor/reference/tables/succeededingestion","","No","Yes","No","No"
"SymantecICDx_CL","","","","","","","","No","No","No","No","No","Yes","","","","No","Yes","No"
"SynapseBigDataPoolApplicationsEnded","Reference for SynapseBigDataPoolApplicationsEnded table in Azure Monitor Logs.","Azure Resources","","","LogManagement","microsoft.synapse/workspaces","","Yes","No","No","Yes","No","No","https://learn.microsoft.com/en-us/azure/azure-monitor/reference/tables/synapsebigdatapoolapplicationsended","","No","Yes","No","No"
"SynapseBuiltinSqlPoolRequestsEnded","Reference for SynapseBuiltinSqlPoolRequestsEnded table in Azure Monitor Logs.","Azure Resources","","","LogManagement","microsoft.synapse/workspaces","","Yes","No","No","Yes","No","No","https://learn.microsoft.com/en-us/azure/azure-monitor/reference/tables/synapsebuiltinsqlpoolrequestsended","","No","Yes","No","No"
"SynapseDXCommand","Reference for SynapseDXCommand table in Azure Monitor Logs.","Azure Resources","","","LogManagement","microsoft.synapse/workspaces","","Yes","No","No","Yes","No","No","https://learn.microsoft.com/en-us/azure/azure-monitor/reference/tables/synapsedxcommand","","No","No","No","No"
"SynapseDXFailedIngestion","Reference for SynapseDXFailedIngestion table in Azure Monitor Logs.","Azure Resources","","","LogManagement","microsoft.synapse/workspaces","","Yes","No","No","Yes","No","No","https://learn.microsoft.com/en-us/azure/azure-monitor/reference/tables/synapsedxfailedingestion","","No","Yes","No","No"
"SynapseDXIngestionBatching","Reference for SynapseDXIngestionBatching table in Azure Monitor Logs.","Azure Resources","","","LogManagement","microsoft.synapse/workspaces","","Yes","No","No","Yes","No","No","https://learn.microsoft.com/en-us/azure/azure-monitor/reference/tables/synapsedxingestionbatching","","No","No","No","No"
"SynapseDXQuery","Reference for SynapseDXQuery table in Azure Monitor Logs.","Azure Resources","","","LogManagement","microsoft.synapse/workspaces","","Yes","No","No","Yes","No","No","https://learn.microsoft.com/en-us/azure/azure-monitor/reference/tables/synapsedxquery","","No","No","No","No"
"SynapseDXSucceededIngestion","Reference for SynapseDXSucceededIngestion table in Azure Monitor Logs.","Azure Resources","","","LogManagement","microsoft.synapse/workspaces","","Yes","No","No","Yes","No","No","https://learn.microsoft.com/en-us/azure/azure-monitor/reference/tables/synapsedxsucceededingestion","","No","Yes","No","No"
"SynapseDXTableDetails","Reference for SynapseDXTableDetails table in Azure Monitor Logs.","Azure Resources","","","LogManagement","microsoft.synapse/workspaces","","Yes","No","No","Yes","No","No","https://learn.microsoft.com/en-us/azure/azure-monitor/reference/tables/synapsedxtabledetails","","No","No","No","No"
"SynapseDXTableUsageStatistics","Reference for SynapseDXTableUsageStatistics table in Azure Monitor Logs.","Azure Resources","","","LogManagement","microsoft.synapse/workspaces","","Yes","No","No","Yes","No","No","https://learn.microsoft.com/en-us/azure/azure-monitor/reference/tables/synapsedxtableusagestatistics","","No","No","No","No"
"SynapseGatewayApiRequests","Reference for SynapseGatewayApiRequests table in Azure Monitor Logs.","Azure Resources","","","LogManagement","microsoft.synapse/workspaces","","Yes","No","No","Yes","No","No","https://learn.microsoft.com/en-us/azure/azure-monitor/reference/tables/synapsegatewayapirequests","","No","Yes","No","No"
"SynapseIntegrationActivityRuns","Reference for SynapseIntegrationActivityRuns table in Azure Monitor Logs.","Azure Resources","","","LogManagement","microsoft.synapse/workspaces","","Yes","No","No","Yes","No","No","https://learn.microsoft.com/en-us/azure/azure-monitor/reference/tables/synapseintegrationactivityruns","","No","Yes","No","No"
"SynapseIntegrationPipelineRuns","Reference for SynapseIntegrationPipelineRuns table in Azure Monitor Logs.","Azure Resources","","","LogManagement","microsoft.synapse/workspaces","","Yes","No","No","Yes","No","No","https://learn.microsoft.com/en-us/azure/azure-monitor/reference/tables/synapseintegrationpipelineruns","","No","Yes","No","No"
"SynapseIntegrationTriggerRuns","Reference for SynapseIntegrationTriggerRuns table in Azure Monitor Logs.","Azure Resources","","","LogManagement","microsoft.synapse/workspaces","","Yes","No","No","Yes","No","No","https://learn.microsoft.com/en-us/azure/azure-monitor/reference/tables/synapseintegrationtriggerruns","","No","Yes","No","No"
"SynapseLinkEvent","Reference for SynapseLinkEvent table in Azure Monitor Logs.","Azure Resources","","","LogManagement","microsoft.synapse/workspaces","","Yes","No","No","Yes","No","No","https://learn.microsoft.com/en-us/azure/azure-monitor/reference/tables/synapselinkevent","","No","Yes","No","No"
"SynapseRbacOperations","Reference for SynapseRbacOperations table in Azure Monitor Logs.","Azure Resources","","","LogManagement","microsoft.synapse/workspaces","","Yes","No","No","Yes","No","No","https://learn.microsoft.com/en-us/azure/azure-monitor/reference/tables/synapserbacoperations","","No","Yes","No","No"
"SynapseScopePoolScopeJobsEnded","Reference for SynapseScopePoolScopeJobsEnded table in Azure Monitor Logs.","Azure Resources","","","LogManagement","microsoft.synapse/workspaces","","Yes","No","No","Yes","No","No","https://learn.microsoft.com/en-us/azure/azure-monitor/reference/tables/synapsescopepoolscopejobsended","","No","Yes","No","No"
"SynapseScopePoolScopeJobsStateChange","Reference for SynapseScopePoolScopeJobsStateChange table in Azure Monitor Logs.","Azure Resources","","","LogManagement","microsoft.synapse/workspaces","","Yes","No","No","Yes","No","No","https://learn.microsoft.com/en-us/azure/azure-monitor/reference/tables/synapsescopepoolscopejobsstatechange","","No","Yes","No","No"
"SynapseSqlPoolDmsWorkers","Reference for SynapseSqlPoolDmsWorkers table in Azure Monitor Logs.","Azure Resources","","","LogManagement","microsoft.synapse/workspaces","","Yes","No","No","Yes","No","No","https://learn.microsoft.com/en-us/azure/azure-monitor/reference/tables/synapsesqlpooldmsworkers","","Yes","Yes","No","Yes"
"SynapseSqlPoolExecRequests","Reference for SynapseSqlPoolExecRequests table in Azure Monitor Logs.","Azure Resources","","","LogManagement","microsoft.synapse/workspaces","","Yes","No","No","Yes","No","No","https://learn.microsoft.com/en-us/azure/azure-monitor/reference/tables/synapsesqlpoolexecrequests","","Yes","Yes","No","Yes"
"SynapseSqlPoolRequestSteps","Reference for SynapseSqlPoolRequestSteps table in Azure Monitor Logs.","Azure Resources","","","LogManagement","microsoft.synapse/workspaces","","Yes","No","No","Yes","No","No","https://learn.microsoft.com/en-us/azure/azure-monitor/reference/tables/synapsesqlpoolrequeststeps","","Yes","Yes","No","Yes"
"SynapseSqlPoolSqlRequests","Reference for SynapseSqlPoolSqlRequests table in Azure Monitor Logs.","Azure Resources","","","LogManagement","microsoft.synapse/workspaces","","Yes","No","No","Yes","No","No","https://learn.microsoft.com/en-us/azure/azure-monitor/reference/tables/synapsesqlpoolsqlrequests","","Yes","Yes","No","Yes"
"SynapseSqlPoolWaits","Reference for SynapseSqlPoolWaits table in Azure Monitor Logs.","Azure Resources","","","LogManagement","microsoft.synapse/workspaces","","Yes","No","No","Yes","No","No","https://learn.microsoft.com/en-us/azure/azure-monitor/reference/tables/synapsesqlpoolwaits","","Yes","Yes","No","Yes"
"Syslog","Reference for Syslog table in Azure Monitor Logs.","Syslog/CEF","","AMA","LogManagement","microsoft.operationalinsights/workspaces, microsoft.containerservice/managedclusters, microsoft.kubernetes/connectedclusters, microsoft.compute/virtualmachines, microsoft.conenctedvmwarevsphere/virtualmachines, microsoft.azurestackhci/virtualmachines, microsoft.scvmm/virtualmachines, microsoft.compute/virtualmachinescalesets, microsoft.hybridcontainerservice/provisionedclusters","","Yes","No","No","Yes","Yes","Yes","https://learn.microsoft.com/en-us/azure/azure-monitor/reference/tables/syslog","","No","Yes","Yes","Yes"
"TOUserAudits","Reference for TOUserAudits table in Azure Monitor Logs.","Audit, Azure Resources","","","LogManagement","microsoft.toolchainorchestrator/diagnostics","","Yes","No","No","Yes","No","No","https://learn.microsoft.com/en-us/azure/azure-monitor/reference/tables/touseraudits","","Yes","Yes","No","Yes"
"TOUserDiagnostics","Reference for TOUserDiagnostics table in Azure Monitor Logs.","Azure Resources","","","LogManagement","microsoft.toolchainorchestrator/diagnostics","","Yes","No","No","Yes","No","No","https://learn.microsoft.com/en-us/azure/azure-monitor/reference/tables/touserdiagnostics","","Yes","Yes","No","Yes"
"TSIIngress","Reference for TSIIngress table in Azure Monitor Logs.","Azure Resources","","","LogManagement","microsoft.timeseriesinsights/environments","","Yes","No","No","Yes","No","No","https://learn.microsoft.com/en-us/azure/azure-monitor/reference/tables/tsiingress","","No","Yes","No","No"
"TacitRed_Findings_CL","","","","","","","","No","No","No","No","No","Yes","","","","No","Yes","No"
"Talon_CL","","","","","","","","No","No","No","No","No","Yes","","","","No","Yes","No"
"TaniumComplyCompliance_CL","","","","","","","","No","No","No","No","No","Yes","","","","No","Yes","No"
"TaniumComplyVulnerabilities_CL","","","","","","","","No","No","No","No","No","Yes","","","","No","Yes","No"
"TaniumDefenderHealth_CL","","","","","","","","No","No","No","No","No","Yes","","","","No","Yes","No"
"TaniumDiscoverUnmanagedAssets_CL","","","","","","","","No","No","No","No","No","Yes","","","","No","Yes","No"
"TaniumHighUptime_CL","","","","","","","","No","No","No","No","No","Yes","","","","No","Yes","No"
"TaniumPatchCoverageStatus_CL","","","","","","","","No","No","No","No","No","Yes","","","","No","Yes","No"
"TaniumPatchListApplicability_CL","","","","","","","","No","No","No","No","No","Yes","","","","No","Yes","No"
"TaniumPatchListCompliance_CL","","","","","","","","No","No","No","No","No","Yes","","","","No","Yes","No"
"TaniumSCCMClientHealth_CL","","","","","","","","No","No","No","No","No","Yes","","","","No","Yes","No"
"TaniumThreatResponse_CL","","","","","","","","No","No","No","No","No","Yes","","","","No","Yes","No"
"Tenable_IE_CL","","","","","","","","No","No","No","No","No","Yes","","","","Yes","Yes","Yes"
"Tenable_VM_Asset_CL","","","","","","","","No","No","No","No","No","Yes","","","","Yes","Yes","Yes"
"Tenable_VM_Compliance_CL","","","","","","","","No","No","No","No","No","Yes","","","","Yes","Yes","Yes"
"Tenable_VM_Vuln_CL","","","","","","","","No","No","No","No","No","Yes","","","","Yes","Yes","Yes"
"Tenable_WAS_Asset_CL","","","","","","","","No","No","No","No","No","Yes","","","","Yes","Yes","Yes"
"Tenable_WAS_Vuln_CL","","","","","","","","No","No","No","No","No","Yes","","","","Yes","Yes","Yes"
"TheHiveData","","","","","","","","No","No","No","No","No","Yes","","","","No","No","No"
"TheomAlerts_CL","","","","","","","","No","No","No","No","No","Yes","","","","No","Yes","No"
"ThreatIntelExportOperation","Reference for ThreatIntelExportOperation table in Azure Monitor Logs.","Security","","","SecurityInsights","microsoft.securityinsights/threatintelligence","","Yes","No","No","Yes","No","No","https://learn.microsoft.com/en-us/azure/azure-monitor/reference/tables/threatintelexportoperation","","No","No","No","Yes"
"ThreatIntelIndicators","Reference for ThreatIntelIndicators table in Azure Monitor Logs.","Internal","Microsoft","","SecurityInsights","microsoft.securityinsights/threatintelligence","","Yes","No","No","Yes","Yes","Yes","https://learn.microsoft.com/en-us/azure/azure-monitor/reference/tables/threatintelindicators","","Yes","Yes","Yes","No"
"ThreatIntelObjects","Reference for ThreatIntelObjects table in Azure Monitor Logs.","Security","","","SecurityInsights","microsoft.securityinsights/threatintelligence","","Yes","No","No","Yes","Yes","No","https://learn.microsoft.com/en-us/azure/azure-monitor/reference/tables/threatintelobjects","","Yes","Yes","Yes","No"
"ThreatIntelligenceIndicator","Reference for ThreatIntelligenceIndicator table in Azure Monitor Logs.","Security","","","SecurityInsights","-","","Yes","No","No","Yes","Yes","Yes","https://learn.microsoft.com/en-us/azure/azure-monitor/reference/tables/threatintelligenceindicator","","No","Yes","Yes","No"
"Tomcat_CL","","","","","","","","No","No","No","No","No","Yes","","","","Yes","Yes","Yes"
"TransmitSecurityActivity_CL","","","","","","","","No","No","No","No","No","Yes","","","","No","Yes","No"
"TrellixEvents","","","","","","","","No","No","No","No","No","Yes","","","","No","No","No"
"TrendMicro_XDR_OAT_CL","","","","","","","","No","No","No","No","No","Yes","","","","No","Yes","No"
"TrendMicro_XDR_RCA_Result_CL","","","","","","","","No","No","No","No","No","Yes","","","","No","Yes","No"
"TrendMicro_XDR_RCA_Task_CL","","","","","","","","No","No","No","No","No","Yes","","","","No","Yes","No"
"TrendMicro_XDR_WORKBENCH_CL","","","","","","","","No","No","No","No","No","Yes","","","","No","Yes","No"
"Ttp_Attachment_CL","","","","","","","","No","No","No","No","No","Yes","","","","Yes","Yes","Yes"
"Ttp_Impersonation_CL","","","","","","","","No","No","No","No","No","Yes","","","","Yes","Yes","Yes"
"Ttp_Url_CL","","","","","","","","No","No","No","No","No","Yes","","","","Yes","Yes","Yes"
"UAApp","Reference for UAApp table in Azure Monitor Logs.","Desktop Analytics","","","CompatibilityAssessment","-","","Yes","No","No","Yes","No","No","https://learn.microsoft.com/en-us/azure/azure-monitor/reference/tables/uaapp","","No","No","No","No"
"UAComputer","Reference for UAComputer table in Azure Monitor Logs.","Desktop Analytics","","","CompatibilityAssessment","-","","Yes","No","No","Yes","No","No","https://learn.microsoft.com/en-us/azure/azure-monitor/reference/tables/uacomputer","","No","No","No","No"
"UAComputerRank","Reference for UAComputerRank table in Azure Monitor Logs.","Desktop Analytics","","","CompatibilityAssessment","-","","Yes","No","No","Yes","No","No","https://learn.microsoft.com/en-us/azure/azure-monitor/reference/tables/uacomputerrank","","No","No","No","No"
"UADriver","Reference for UADriver table in Azure Monitor Logs.","Desktop Analytics","","","CompatibilityAssessment","-","","Yes","No","No","Yes","No","No","https://learn.microsoft.com/en-us/azure/azure-monitor/reference/tables/uadriver","","No","No","No","No"
"UADriverProblemCodes","Reference for UADriverProblemCodes table in Azure Monitor Logs.","Desktop Analytics","","","CompatibilityAssessment","-","","Yes","No","No","Yes","No","No","https://learn.microsoft.com/en-us/azure/azure-monitor/reference/tables/uadriverproblemcodes","","No","No","No","No"
"UAFeedback","Reference for UAFeedback table in Azure Monitor Logs.","Desktop Analytics","","","CompatibilityAssessment","-","","Yes","No","No","Yes","No","No","https://learn.microsoft.com/en-us/azure/azure-monitor/reference/tables/uafeedback","","No","No","No","No"
"UAIESiteDiscovery","Reference for UAIESiteDiscovery table in Azure Monitor Logs.","Desktop Analytics","","","CompatibilityAssessment","-","","Yes","No","No","Yes","No","No","https://learn.microsoft.com/en-us/azure/azure-monitor/reference/tables/uaiesitediscovery","","No","No","No","No"
"UAOfficeAddIn","Reference for UAOfficeAddIn table in Azure Monitor Logs.","Desktop Analytics","","","CompatibilityAssessment","-","","Yes","No","No","Yes","No","No","https://learn.microsoft.com/en-us/azure/azure-monitor/reference/tables/uaofficeaddin","","No","No","No","No"
"UAProposedActionPlan","Reference for UAProposedActionPlan table in Azure Monitor Logs.","Desktop Analytics","","","CompatibilityAssessment","-","","Yes","No","No","Yes","No","No","https://learn.microsoft.com/en-us/azure/azure-monitor/reference/tables/uaproposedactionplan","","No","No","No","No"
"UASysReqIssue","Reference for UASysReqIssue table in Azure Monitor Logs.","Desktop Analytics","","","CompatibilityAssessment","-","","Yes","No","No","Yes","No","No","https://learn.microsoft.com/en-us/azure/azure-monitor/reference/tables/uasysreqissue","","No","No","No","No"
"UAUpgradedComputer","Reference for UAUpgradedComputer table in Azure Monitor Logs.","Desktop Analytics","","","CompatibilityAssessment","-","","Yes","No","No","Yes","No","No","https://learn.microsoft.com/en-us/azure/azure-monitor/reference/tables/uaupgradedcomputer","","No","No","No","No"
"UCClient","Reference for UCClient table in Azure Monitor Logs.","-","","","LogManagement, WaaSUpdateInsights","-","","Yes","No","No","Yes","Yes","No","https://learn.microsoft.com/en-us/azure/azure-monitor/reference/tables/ucclient","","No","Yes","Yes","No"
"UCClientReadinessStatus","Reference for UCClientReadinessStatus table in Azure Monitor Logs.","-","","","LogManagement, WaaSUpdateInsights","-","","Yes","No","No","Yes","Yes","No","https://learn.microsoft.com/en-us/azure/azure-monitor/reference/tables/ucclientreadinessstatus","","No","Yes","Yes","No"
"UCClientUpdateStatus","Reference for UCClientUpdateStatus table in Azure Monitor Logs.","-","","","LogManagement, WaaSUpdateInsights","-","","Yes","No","No","Yes","Yes","No","https://learn.microsoft.com/en-us/azure/azure-monitor/reference/tables/ucclientupdatestatus","","No","Yes","Yes","No"
"UCDOAggregatedStatus","Reference for UCDOAggregatedStatus table in Azure Monitor Logs.","Desktop Analytics","","","LogManagement, WaaSUpdateInsights","-","","Yes","No","No","Yes","Yes","No","https://learn.microsoft.com/en-us/azure/azure-monitor/reference/tables/ucdoaggregatedstatus","","No","Yes","Yes","No"
"UCDOStatus","Reference for UCDOStatus table in Azure Monitor Logs.","Desktop Analytics","","","LogManagement, WaaSUpdateInsights","-","","Yes","No","No","Yes","Yes","No","https://learn.microsoft.com/en-us/azure/azure-monitor/reference/tables/ucdostatus","","No","Yes","Yes","No"
"UCDeviceAlert","Reference for UCDeviceAlert table in Azure Monitor Logs.","-","","","LogManagement, WaaSUpdateInsights","-","","Yes","No","No","Yes","Yes","No","https://learn.microsoft.com/en-us/azure/azure-monitor/reference/tables/ucdevicealert","","No","Yes","Yes","No"
"UCServiceUpdateStatus","Reference for UCServiceUpdateStatus table in Azure Monitor Logs.","-","","","LogManagement, WaaSUpdateInsights","-","","Yes","No","No","Yes","Yes","No","https://learn.microsoft.com/en-us/azure/azure-monitor/reference/tables/ucserviceupdatestatus","","No","Yes","Yes","No"
"UCUpdateAlert","Reference for UCUpdateAlert table in Azure Monitor Logs.","-","","","LogManagement, WaaSUpdateInsights","-","","Yes","No","No","Yes","Yes","No","https://learn.microsoft.com/en-us/azure/azure-monitor/reference/tables/ucupdatealert","","No","Yes","Yes","No"
"Ubiquiti_CL","","","","","","","","No","No","No","No","No","Yes","","","","Yes","Yes","Yes"
"Update","Reference for Update table in Azure Monitor Logs.","IT & Management Tools, Security","","","Security, SecurityCenter, SecurityCenterFree, Updates","microsoft.compute/virtualmachines, microsoft.conenctedvmwarevsphere/virtualmachines, microsoft.azurestackhci/virtualmachines, microsoft.scvmm/virtualmachines, microsoft.compute/virtualmachinescalesets, microsoft.automation/automationaccounts","","Yes","No","No","Yes","No","No","https://learn.microsoft.com/en-us/azure/azure-monitor/reference/tables/update","","No","Yes","No","No"
"UpdateRunProgress","Reference for UpdateRunProgress table in Azure Monitor Logs.","IT & Management Tools","","","Updates","microsoft.compute/virtualmachines, microsoft.conenctedvmwarevsphere/virtualmachines, microsoft.azurestackhci/virtualmachines, microsoft.scvmm/virtualmachines, microsoft.compute/virtualmachinescalesets, microsoft.automation/automationaccounts","","Yes","No","No","Yes","No","No","https://learn.microsoft.com/en-us/azure/azure-monitor/reference/tables/updaterunprogress","","No","Yes","No","No"
"UpdateSummary","Reference for UpdateSummary table in Azure Monitor Logs.","Virtual Machines","","","Security, SecurityCenter, SecurityCenterFree, Updates","microsoft.compute/virtualmachines, microsoft.conenctedvmwarevsphere/virtualmachines, microsoft.azurestackhci/virtualmachines, microsoft.scvmm/virtualmachines, microsoft.compute/virtualmachinescalesets, microsoft.automation/automationaccounts","","Yes","No","No","Yes","No","No","https://learn.microsoft.com/en-us/azure/azure-monitor/reference/tables/updatesummary","","No","Yes","No","No"
"UpwindLogsAssets_CL","","","","","","","","No","No","No","No","No","Yes","","","","No","Yes","No"
"UrlClickEvents","Safe Links clicks from email messages, Teams, and Office 365 apps","Security, XDR","","","SecurityInsights","-","","Yes","Yes","No","Yes","No","No","https://learn.microsoft.com/en-us/azure/azure-monitor/reference/tables/urlclickevents","https://learn.microsoft.com/en-us/defender-xdr/advanced-hunting-urlclickevents-table","Yes","Yes","No","Yes"
"Usage","Reference for Usage table in Azure Monitor Logs.","Azure Monitor","","","LogManagement","-","","Yes","No","No","Yes","No","No","https://learn.microsoft.com/en-us/azure/azure-monitor/reference/tables/usage","","No","No","No","No"
"UserAccessAnalytics","Reference for UserAccessAnalytics table in Azure Monitor Logs.","Security","","","BehaviorAnalyticsInsights","-","","Yes","No","No","Yes","No","No","https://learn.microsoft.com/en-us/azure/azure-monitor/reference/tables/useraccessanalytics","","No","No","No","No"
"UserPeerAnalytics","Reference for UserPeerAnalytics table in Azure Monitor Logs.","Internal","Microsoft","Internal","BehaviorAnalyticsInsights","-","","Yes","No","No","Yes","No","No","https://learn.microsoft.com/en-us/azure/azure-monitor/reference/tables/userpeeranalytics","","No","No","No","No"
"VCoreMongoRequests","Reference for VCoreMongoRequests table in Azure Monitor Logs.","Audit","","","LogManagement","microsoft.documentdb/mongoclusters","","Yes","No","No","Yes","No","No","https://learn.microsoft.com/en-us/azure/azure-monitor/reference/tables/vcoremongorequests","","Yes","Yes","No","Yes"
"VIAudit","Reference for VIAudit table in Azure Monitor Logs.","Audit","","","LogManagement","microsoft.videoindexer/accounts","","Yes","No","No","Yes","No","No","https://learn.microsoft.com/en-us/azure/azure-monitor/reference/tables/viaudit","","No","Yes","No","No"
"VIIndexing","Reference for VIIndexing table in Azure Monitor Logs.","Azure Resources","","","LogManagement","microsoft.videoindexer/accounts","","Yes","No","No","Yes","No","No","https://learn.microsoft.com/en-us/azure/azure-monitor/reference/tables/viindexing","","No","Yes","No","No"
"VMBoundPort","Reference for VMBoundPort table in Azure Monitor Logs.","VMinsights","","AMA","AzureResources, InfrastructureInsights, ServiceMap, VMInsights","microsoft.compute/virtualmachines, microsoft.conenctedvmwarevsphere/virtualmachines, microsoft.azurestackhci/virtualmachines, microsoft.scvmm/virtualmachines, microsoft.compute/virtualmachinescalesets","","Yes","No","No","Yes","No","No","https://learn.microsoft.com/en-us/azure/azure-monitor/reference/tables/vmboundport","","No","No","No","No"
"VMComputer","Reference for VMComputer table in Azure Monitor Logs.","VMinsights","","","AzureResources, ServiceMap, VMInsights","microsoft.compute/virtualmachines, microsoft.conenctedvmwarevsphere/virtualmachines, microsoft.azurestackhci/virtualmachines, microsoft.scvmm/virtualmachines, microsoft.compute/virtualmachinescalesets","","Yes","No","No","Yes","No","No","https://learn.microsoft.com/en-us/azure/azure-monitor/reference/tables/vmcomputer","","No","No","No","No"
"VMConnection","Reference for VMConnection table in Azure Monitor Logs.","VMinsights","","","AzureResources, InfrastructureInsights, ServiceMap, VMInsights","microsoft.compute/virtualmachines, microsoft.conenctedvmwarevsphere/virtualmachines, microsoft.azurestackhci/virtualmachines, microsoft.scvmm/virtualmachines, microsoft.compute/virtualmachinescalesets","","Yes","No","No","Yes","No","No","https://learn.microsoft.com/en-us/azure/azure-monitor/reference/tables/vmconnection","","No","No","No","No"
"VMProcess","Reference for VMProcess table in Azure Monitor Logs.","VMinsights","","","AzureResources, ServiceMap, VMInsights","microsoft.compute/virtualmachines, microsoft.conenctedvmwarevsphere/virtualmachines, microsoft.azurestackhci/virtualmachines, microsoft.scvmm/virtualmachines, microsoft.compute/virtualmachinescalesets","","Yes","No","No","Yes","No","No","https://learn.microsoft.com/en-us/azure/azure-monitor/reference/tables/vmprocess","","No","No","No","No"
"VMwareWorkspaceOneDevices","","VMinsights","","","","","","No","No","No","No","No","Yes","","","","No","No","No"
"Vaikora_AgentSignals_CL","","","","","","","","No","No","No","No","No","Yes","","","","No","Yes","No"
"ValenceAlert_CL","","","","","","","","No","No","No","No","No","Yes","","","","No","Yes","No"
"ValimailEnforceEvents_CL","","","","","","","","No","No","No","No","No","Yes","","","","No","Yes","No"
"VaronisAlerts_CL","","","","","","","","No","No","No","No","No","Yes","","","","Yes","Yes","Yes"
"VaronisResources_CL","","","","","","","","No","No","No","No","No","Yes","","","","No","Yes","No"
"VectraStream_CL","","","","","","","","No","No","No","No","No","Yes","","","","No","Yes","No"
"VeeamAuthorizationEvents_CL","","","","","","","","No","No","No","No","No","Yes","","","","Yes","Yes","Yes"
"VeeamCovewareFindings_CL","","","","","","","","No","No","No","No","No","Yes","","","","Yes","Yes","Yes"
"VeeamMalwareEvents_CL","","","","","","","","No","No","No","No","No","Yes","","","","Yes","Yes","Yes"
"VeeamOneTriggeredAlarms_CL","","","","","","","","No","No","No","No","No","Yes","","","","Yes","Yes","Yes"
"VeeamSecurityComplianceAnalyzer_CL","","","","","","","","No","No","No","No","No","Yes","","","","Yes","Yes","Yes"
"VeeamSessions_CL","","","","","","","","No","No","No","No","No","Yes","","","","Yes","Yes","Yes"
"VersasecCmsErrorLogs_CL","","","","","","","","No","No","No","No","No","Yes","","","","No","Yes","No"
"VersasecCmsSysLogs_CL","","","","","","","","No","No","No","No","No","Yes","","","","No","Yes","No"
"W3CIISLog","Reference for W3CIISLog table in Azure Monitor Logs.","IT & Management Tools, Virtual Machines","","","LogManagement","microsoft.compute/virtualmachines, microsoft.conenctedvmwarevsphere/virtualmachines, microsoft.azurestackhci/virtualmachines, microsoft.scvmm/virtualmachines, microsoft.compute/virtualmachinescalesets","","Yes","No","No","Yes","No","Yes","https://learn.microsoft.com/en-us/azure/azure-monitor/reference/tables/w3ciislog","","No","Yes","No","No"
"WDAVStatus","Reference for WDAVStatus table in Azure Monitor Logs.","Desktop Analytics","","","WaaSUpdateInsights","-","","Yes","No","No","Yes","No","No","https://learn.microsoft.com/en-us/azure/azure-monitor/reference/tables/wdavstatus","","No","No","No","No"
"WDAVThreat","Reference for WDAVThreat table in Azure Monitor Logs.","Desktop Analytics","","","WaaSUpdateInsights","-","","Yes","No","No","Yes","No","No","https://learn.microsoft.com/en-us/azure/azure-monitor/reference/tables/wdavthreat","","No","No","No","No"
"WOUserAudits","Reference for WOUserAudits table in Azure Monitor Logs.","Audit, Azure Resources","","","LogManagement","microsoft.edge/diagnostics","","Yes","No","No","Yes","No","No","https://learn.microsoft.com/en-us/azure/azure-monitor/reference/tables/wouseraudits","","Yes","Yes","No","Yes"
"WOUserDiagnostics","Reference for WOUserDiagnostics table in Azure Monitor Logs.","Azure Resources","","","LogManagement","microsoft.edge/diagnostics","","Yes","No","No","Yes","No","No","https://learn.microsoft.com/en-us/azure/azure-monitor/reference/tables/wouserdiagnostics","","Yes","Yes","No","Yes"
"WUDOAggregatedStatus","Reference for WUDOAggregatedStatus table in Azure Monitor Logs.","Desktop Analytics","","","WaaSUpdateInsights","-","","Yes","No","No","Yes","No","No","https://learn.microsoft.com/en-us/azure/azure-monitor/reference/tables/wudoaggregatedstatus","","No","Yes","No","No"
"WUDOStatus","Reference for WUDOStatus table in Azure Monitor Logs.","Desktop Analytics","","","WaaSUpdateInsights","-","","Yes","No","No","Yes","No","No","https://learn.microsoft.com/en-us/azure/azure-monitor/reference/tables/wudostatus","","No","Yes","No","No"
"WVDAgentHealthStatus","Reference for WVDAgentHealthStatus table in Azure Monitor Logs.","Virtual Machines","","","LogManagement","microsoft.desktopvirtualization/hostpools","","Yes","No","No","Yes","No","No","https://learn.microsoft.com/en-us/azure/azure-monitor/reference/tables/wvdagenthealthstatus","","No","Yes","No","No"
"WVDAutoscaleEvaluationPooled","Reference for WVDAutoscaleEvaluationPooled table in Azure Monitor Logs.","Azure Virtual Desktop","","","LogManagement","microsoft.desktopvirtualization/hostpools","","Yes","No","No","Yes","No","No","https://learn.microsoft.com/en-us/azure/azure-monitor/reference/tables/wvdautoscaleevaluationpooled","","No","No","No","No"
"WVDCheckpoints","Reference for WVDCheckpoints table in Azure Monitor Logs.","Azure Virtual Desktop","","","LogManagement","microsoft.desktopvirtualization/hostpools, microsoft.desktopvirtualization/applicationgroups, microsoft.desktopvirtualization/workspaces","","Yes","No","No","Yes","No","No","https://learn.microsoft.com/en-us/azure/azure-monitor/reference/tables/wvdcheckpoints","","No","Yes","No","No"
"WVDConnectionGraphicsDataPreview","Reference for WVDConnectionGraphicsDataPreview table in Azure Monitor Logs.","Azure Virtual Desktop","","","LogManagement","microsoft.desktopvirtualization/hostpools","","Yes","No","No","Yes","No","No","https://learn.microsoft.com/en-us/azure/azure-monitor/reference/tables/wvdconnectiongraphicsdatapreview","","No","No","No","No"
"WVDConnectionNetworkData","Reference for WVDConnectionNetworkData table in Azure Monitor Logs.","Azure Virtual Desktop","","","LogManagement","microsoft.desktopvirtualization/hostpools","","Yes","No","No","Yes","No","No","https://learn.microsoft.com/en-us/azure/azure-monitor/reference/tables/wvdconnectionnetworkdata","","No","Yes","No","No"
"WVDConnections","Reference for WVDConnections table in Azure Monitor Logs.","Azure Virtual Desktop","","","LogManagement","microsoft.desktopvirtualization/hostpools","","Yes","No","No","Yes","No","No","https://learn.microsoft.com/en-us/azure/azure-monitor/reference/tables/wvdconnections","","No","Yes","No","No"
"WVDErrors","Reference for WVDErrors table in Azure Monitor Logs.","Azure Virtual Desktop","","","LogManagement","microsoft.desktopvirtualization/hostpools, microsoft.desktopvirtualization/applicationgroups, microsoft.desktopvirtualization/workspaces","","Yes","No","No","Yes","No","No","https://learn.microsoft.com/en-us/azure/azure-monitor/reference/tables/wvderrors","","No","Yes","No","No"
"WVDFeeds","Reference for WVDFeeds table in Azure Monitor Logs.","Azure Virtual Desktop","","","LogManagement","microsoft.desktopvirtualization/workspaces","","Yes","No","No","Yes","No","No","https://learn.microsoft.com/en-us/azure/azure-monitor/reference/tables/wvdfeeds","","No","Yes","No","No"
"WVDHostRegistrations","Reference for WVDHostRegistrations table in Azure Monitor Logs.","Azure Virtual Desktop","","","LogManagement","microsoft.desktopvirtualization/hostpools","","Yes","No","No","Yes","No","No","https://learn.microsoft.com/en-us/azure/azure-monitor/reference/tables/wvdhostregistrations","","No","Yes","No","No"
"WVDManagement","Reference for WVDManagement table in Azure Monitor Logs.","Azure Virtual Desktop","","","LogManagement","microsoft.desktopvirtualization/hostpools, microsoft.desktopvirtualization/applicationgroups, microsoft.desktopvirtualization/workspaces","","Yes","No","No","Yes","No","No","https://learn.microsoft.com/en-us/azure/azure-monitor/reference/tables/wvdmanagement","","No","Yes","No","No"
"WVDMultiLinkAdd","Reference for WVDMultiLinkAdd table in Azure Monitor Logs.","Azure Virtual Desktop","","","LogManagement","microsoft.desktopvirtualization/hostpools","","Yes","No","No","Yes","No","No","https://learn.microsoft.com/en-us/azure/azure-monitor/reference/tables/wvdmultilinkadd","","No","No","No","No"
"WVDSessionHostManagement","Reference for WVDSessionHostManagement table in Azure Monitor Logs.","Azure Virtual Desktop","","","LogManagement","microsoft.desktopvirtualization/hostpools","","Yes","No","No","Yes","No","No","https://learn.microsoft.com/en-us/azure/azure-monitor/reference/tables/wvdsessionhostmanagement","","No","No","No","No"
"WaaSDeploymentStatus","Reference for WaaSDeploymentStatus table in Azure Monitor Logs.","Desktop Analytics","","","WaaSUpdateInsights","-","","Yes","No","No","Yes","No","No","https://learn.microsoft.com/en-us/azure/azure-monitor/reference/tables/waasdeploymentstatus","","No","Yes","No","No"
"WaaSInsiderStatus","Reference for WaaSInsiderStatus table in Azure Monitor Logs.","Desktop Analytics","","","WaaSUpdateInsights","-","","Yes","No","No","Yes","No","No","https://learn.microsoft.com/en-us/azure/azure-monitor/reference/tables/waasinsiderstatus","","No","Yes","No","No"
"WaaSUpdateStatus","Reference for WaaSUpdateStatus table in Azure Monitor Logs.","Desktop Analytics","","","WaaSUpdateInsights","-","","Yes","No","No","Yes","No","No","https://learn.microsoft.com/en-us/azure/azure-monitor/reference/tables/waasupdatestatus","","No","Yes","No","No"
"Watchlist","Reference for Watchlist table in Azure Monitor Logs.","Internal","Microsoft","Internal","SecurityInsights","-","","Yes","No","No","Yes","No","No","https://learn.microsoft.com/en-us/azure/azure-monitor/reference/tables/watchlist","","No","Yes","No","No"
"WebPubSubConnectivity","Reference for WebPubSubConnectivity table in Azure Monitor Logs.","Azure Resources","","","LogManagement","microsoft.signalrservice/webpubsub","","Yes","No","No","Yes","No","No","https://learn.microsoft.com/en-us/azure/azure-monitor/reference/tables/webpubsubconnectivity","","No","Yes","No","No"
"WebPubSubHttpRequest","Reference for WebPubSubHttpRequest table in Azure Monitor Logs.","Azure Resources","","","LogManagement","microsoft.signalrservice/webpubsub","","Yes","No","No","Yes","No","No","https://learn.microsoft.com/en-us/azure/azure-monitor/reference/tables/webpubsubhttprequest","","No","Yes","No","No"
"WebPubSubMessaging","Reference for WebPubSubMessaging table in Azure Monitor Logs.","Azure Resources","","","LogManagement","microsoft.signalrservice/webpubsub","","Yes","No","No","Yes","No","No","https://learn.microsoft.com/en-us/azure/azure-monitor/reference/tables/webpubsubmessaging","","No","Yes","No","No"
"Windows365AuditLogs","Reference for Windows365AuditLogs table in Azure Monitor Logs.","Audit","","","LogManagement","microsoft.intune/operations","","Yes","No","No","Yes","No","No","https://learn.microsoft.com/en-us/azure/azure-monitor/reference/tables/windows365auditlogs","","Yes","Yes","No","No"
"WindowsClientAssessmentRecommendation","Reference for WindowsClientAssessmentRecommendation table in Azure Monitor Logs.","Workloads","","","AzureResources, WindowsClientAssessmentPlus","-","","Yes","No","No","Yes","Yes","No","https://learn.microsoft.com/en-us/azure/azure-monitor/reference/tables/windowsclientassessmentrecommendation","","No","Yes","Yes","No"
"WindowsEvent","Reference for WindowsEvent table in Azure Monitor Logs.","Windows","Microsoft","","CustomizedWindowsEventsFiltering, InternalWindowsEvent, SecurityInsights, WEFInternalUat, WEF_10x, WEF_10xDSRE, WinLog, WindowsEventForwarding","microsoft.securityinsights/securityinsights","","Yes","No","No","Yes","Yes","Yes","https://learn.microsoft.com/en-us/azure/azure-monitor/reference/tables/windowsevent","","No","Yes","Yes","Yes"
"WindowsFirewall","Reference for WindowsFirewall table in Azure Monitor Logs.","Windows","Microsoft","AMA","Security, WindowsFirewall","microsoft.operationalinsights/workspaces, microsoft.compute/virtualmachines, microsoft.conenctedvmwarevsphere/virtualmachines, microsoft.azurestackhci/virtualmachines, microsoft.scvmm/virtualmachines, microsoft.compute/virtualmachinescalesets","","Yes","No","No","Yes","No","No","https://learn.microsoft.com/en-us/azure/azure-monitor/reference/tables/windowsfirewall","","No","Yes","No","Yes"
"WindowsServerAssessmentRecommendation","Reference for WindowsServerAssessmentRecommendation table in Azure Monitor Logs.","Workloads","","","AzureResources, WindowsServerAssessment","-","","Yes","No","No","Yes","Yes","No","https://learn.microsoft.com/en-us/azure/azure-monitor/reference/tables/windowsserverassessmentrecommendation","","No","Yes","Yes","No"
"WireData","Reference for WireData table in Azure Monitor Logs.","Security, Virtual Machines","","","WireData, WireData2","microsoft.compute/virtualmachines, microsoft.conenctedvmwarevsphere/virtualmachines, microsoft.azurestackhci/virtualmachines, microsoft.scvmm/virtualmachines, microsoft.compute/virtualmachinescalesets","","Yes","No","No","Yes","No","No","https://learn.microsoft.com/en-us/azure/azure-monitor/reference/tables/wiredata","","No","Yes","No","No"
"WorkloadDiagnosticLogs","Reference for WorkloadDiagnosticLogs table in Azure Monitor Logs.","Azure Monitor, Workloads","","","LogManagement","-","","Yes","No","No","Yes","No","No","https://learn.microsoft.com/en-us/azure/azure-monitor/reference/tables/workloaddiagnosticlogs","","No","Yes","No","No"
"WorkloadMonitoringPerf","Reference for WorkloadMonitoringPerf table in Azure Monitor Logs.","Workloads","","","InfrastructureInsights","-","","Yes","No","No","Yes","No","No","https://learn.microsoft.com/en-us/azure/azure-monitor/reference/tables/workloadmonitoringperf","","No","No","No","No"
"Workplace_Facebook_CL","","","","","","","","No","No","No","No","No","Yes","","","","No","Yes","No"
"WsSecurityEvents_CL","","","","","","","","No","No","No","No","No","Yes","","","","Yes","Yes","Yes"
"XbowAssessments_CL","","","","","","","","No","No","No","No","No","Yes","","","","No","Yes","No"
"XbowAssets_CL","","","","","","","","No","No","No","No","No","Yes","","","","No","Yes","No"
"XbowFindings_CL","","","","","","","","No","No","No","No","No","Yes","","","","No","Yes","No"
"ZNAudit_CL","","","","","","","","No","No","No","No","No","Yes","","","","Yes","Yes","Yes"
"ZNIdentityActivity_CL","","","","","","","","No","No","No","No","No","Yes","","","","Yes","Yes","Yes"
"ZNNetworkActivity_CL","","","","","","","","No","No","No","No","No","Yes","","","","Yes","Yes","Yes"
"ZNRPCActivity_CL","","","","","","","","No","No","No","No","No","Yes","","","","Yes","Yes","Yes"
"ZNSegmentAuditNativePoller_CL","","","","","","","","No","No","No","No","No","Yes","","","","Yes","Yes","Yes"
"ZPA_CL","","","","","","","","No","No","No","No","No","Yes","","","","Yes","Yes","Yes"
"ZTSGraph","Reference for ZTSGraph table in Azure Monitor Logs.","Azure Resources, Network, Security","","","LogManagement","microsoft.zerotrustsegmentation/segmentationmanagers","","Yes","No","No","Yes","No","No","https://learn.microsoft.com/en-us/azure/azure-monitor/reference/tables/ztsgraph","","Yes","Yes","No","Yes"
"ZTSJobStatus","Reference for ZTSJobStatus table in Azure Monitor Logs.","Audit, Azure Resources","","","LogManagement","microsoft.zerotrustsegmentation/segmentationmanagers","","Yes","No","No","Yes","No","No","https://learn.microsoft.com/en-us/azure/azure-monitor/reference/tables/ztsjobstatus","","Yes","Yes","No","Yes"
"ZTSMetadata","Reference for ZTSMetadata table in Azure Monitor Logs.","Azure Resources, Security","","","LogManagement","microsoft.zerotrustsegmentation/segmentationmanagers","","Yes","No","No","Yes","No","No","https://learn.microsoft.com/en-us/azure/azure-monitor/reference/tables/ztsmetadata","","Yes","Yes","No","Yes"
"ZTSRequest","Reference for ZTSRequest table in Azure Monitor Logs.","Audit, Azure Resources, Network","","","LogManagement","microsoft.zerotrustsegmentation/segmentationmanagers","","Yes","No","No","Yes","No","No","https://learn.microsoft.com/en-us/azure/azure-monitor/reference/tables/ztsrequest","","Yes","Yes","No","Yes"
"ZeroFoxAlertPoller_CL","","","","","","","","No","No","No","No","No","Yes","","","","Yes","Yes","Yes"
"ZeroFox_CTI_C2_CL","","","","","","","","No","No","No","No","No","Yes","","","","No","Yes","No"
"ZeroFox_CTI_advanced_dark_web_CL","","","","","","","","No","No","No","No","No","Yes","","","","No","Yes","No"
"ZeroFox_CTI_botnet_CL","","","","","","","","No","No","No","No","No","Yes","","","","No","Yes","No"
"ZeroFox_CTI_breaches_CL","","","","","","","","No","No","No","No","No","Yes","","","","No","Yes","No"
"ZeroFox_CTI_compromised_credentials_CL","","","","","","","","No","No","No","No","No","Yes","","","","No","Yes","No"
"ZeroFox_CTI_credit_cards_CL","","","","","","","","No","No","No","No","No","Yes","","","","No","Yes","No"
"ZeroFox_CTI_dark_web_CL","","","","","","","","No","No","No","No","No","Yes","","","","No","Yes","No"
"ZeroFox_CTI_discord_CL","","","","","","","","No","No","No","No","No","Yes","","","","No","Yes","No"
"ZeroFox_CTI_disruption_CL","","","","","","","","No","No","No","No","No","Yes","","","","No","Yes","No"
"ZeroFox_CTI_email_addresses_CL","","","","","","","","No","No","No","No","No","Yes","","","","No","Yes","No"
"ZeroFox_CTI_exploits_CL","","","","","","","","No","No","No","No","No","Yes","","","","No","Yes","No"
"ZeroFox_CTI_irc_CL","","","","","","","","No","No","No","No","No","Yes","","","","No","Yes","No"
"ZeroFox_CTI_malware_CL","","","","","","","","No","No","No","No","No","Yes","","","","No","Yes","No"
"ZeroFox_CTI_national_ids_CL","","","","","","","","No","No","No","No","No","Yes","","","","No","Yes","No"
"ZeroFox_CTI_phishing_CL","","","","","","","","No","No","No","No","No","Yes","","","","No","Yes","No"
"ZeroFox_CTI_phone_numbers_CL","","","","","","","","No","No","No","No","No","Yes","","","","No","Yes","No"
"ZeroFox_CTI_ransomware_CL","","","","","","","","No","No","No","No","No","Yes","","","","No","Yes","No"
"ZeroFox_CTI_telegram_CL","","","","","","","","No","No","No","No","No","Yes","","","","No","Yes","No"
"ZeroFox_CTI_threat_actors_CL","","","","","","","","No","No","No","No","No","Yes","","","","No","Yes","No"
"ZeroFox_CTI_vulnerabilities_CL","","","","","","","","No","No","No","No","No","Yes","","","","No","Yes","No"
"ZimperiumThreatLog_CL","","","","","","","","No","No","No","No","No","Yes","","","","No","Yes","No"
"ZoomV2_CL","","","","","","","","No","No","No","No","No","Yes","","","","No","Yes","No"
"Zoom_CL","","","","","","","","No","No","No","No","No","Yes","","","","Yes","Yes","Yes"
"alertscompromisedcredentialdata_CL","","","","","","","","No","No","No","No","No","Yes","","","","No","Yes","No"
"alertsctepdata_CL","","","","","","","","No","No","No","No","No","Yes","","","","No","Yes","No"
"alertsdlpdata_CL","","","","","","","","No","No","No","No","No","Yes","","","","No","Yes","No"
"alertsmalsitedata_CL","","","","","","","","No","No","No","No","No","Yes","","","","No","Yes","No"
"alertsmalwaredata_CL","","","","","","","","No","No","No","No","No","Yes","","","","No","Yes","No"
"alertspolicydata_CL","","","","","","","","No","No","No","No","No","Yes","","","","No","Yes","No"
"alertsquarantinedata_CL","","","","","","","","No","No","No","No","No","Yes","","","","No","Yes","No"
"alertsremediationdata_CL","","","","","","","","No","No","No","No","No","Yes","","","","No","Yes","No"
"alertssecurityassessmentdata_CL","","","","","","","","No","No","No","No","No","Yes","","","","No","Yes","No"
"alertsubadata_CL","","","","","","","","No","No","No","No","No","Yes","","","","No","Yes","No"
"argsentdc_CL","","","","","","","","No","No","No","No","No","Yes","","","","Yes","Yes","Yes"
"atlassian_beacon_alerts_CL","","","","","","","","No","No","No","No","No","Yes","","","","No","Yes","No"
"blacklens_CL","","","","","","","","No","No","No","No","No","Yes","","","","Yes","Yes","Yes"
"darktrace_model_alerts_CL","","","","","","","","No","No","No","No","No","Yes","","","","Yes","Yes","Yes"
"databahn_alerts_CL","","","","","","","","No","No","No","No","No","Yes","","","","No","Yes","No"
"databahn_audit_logs_CL","","","","","","","","No","No","No","No","No","Yes","","","","No","Yes","No"
"databahn_device_inventory_CL","","","","","","","","No","No","No","No","No","Yes","","","","No","Yes","No"
"datawizaserveraccess_CL","","","","","","","","No","No","No","No","No","Yes","","","","No","Yes","No"
"dossier_atp_CL","","","","","","","","No","No","No","No","No","Yes","","","","No","Yes","No"
"dossier_atp_threat_CL","","","","","","","","No","No","No","No","No","Yes","","","","No","Yes","No"
"dossier_dns_CL","","","","","","","","No","No","No","No","No","Yes","","","","No","Yes","No"
"dossier_geo_CL","","","","","","","","No","No","No","No","No","Yes","","","","No","Yes","No"
"dossier_infoblox_web_cat_CL","","","","","","","","No","No","No","No","No","Yes","","","","No","Yes","No"
"dossier_inforank_CL","","","","","","","","No","No","No","No","No","Yes","","","","No","Yes","No"
"dossier_malware_analysis_v3_CL","","","","","","","","No","No","No","No","No","Yes","","","","No","Yes","No"
"dossier_nameserver_CL","","","","","","","","No","No","No","No","No","Yes","","","","No","Yes","No"
"dossier_nameserver_matches_CL","","","","","","","","No","No","No","No","No","Yes","","","","No","Yes","No"
"dossier_ptr_CL","","","","","","","","No","No","No","No","No","Yes","","","","No","Yes","No"
"dossier_rpz_feeds_CL","","","","","","","","No","No","No","No","No","Yes","","","","No","Yes","No"
"dossier_rpz_feeds_records_CL","","","","","","","","No","No","No","No","No","Yes","","","","No","Yes","No"
"dossier_threat_actor_CL","","","","","","","","No","No","No","No","No","Yes","","","","No","Yes","No"
"dossier_tld_risk_CL","","","","","","","","No","No","No","No","No","Yes","","","","No","Yes","No"
"dossier_whitelist_CL","","","","","","","","No","No","No","No","No","Yes","","","","No","Yes","No"
"dossier_whois_CL","","","","","","","","No","No","No","No","No","Yes","","","","No","Yes","No"
"eventsapplicationdata_CL","","","","","","","","No","No","No","No","No","Yes","","","","No","Yes","No"
"eventsauditdata_CL","","","","","","","","No","No","No","No","No","Yes","","","","No","Yes","No"
"eventsconnectiondata_CL","","","","","","","","No","No","No","No","No","Yes","","","","No","Yes","No"
"eventsincidentdata_CL","","","","","","","","No","No","No","No","No","Yes","","","","No","Yes","No"
"eventsnetworkdata_CL","","","","","","","","No","No","No","No","No","Yes","","","","No","Yes","No"
"eventspagedata_CL","","","","","","","","No","No","No","No","No","Yes","","","","No","Yes","No"
"feedly_indicators_CL","","","","","","","","No","No","No","No","No","Yes","","","","No","Yes","No"
"fluentbit_CL","","","","","","","","No","No","No","No","No","Yes","","","","Yes","Yes","Yes"
"githubscanaudit_CL","","","","","","","","No","No","No","No","No","Yes","","","","Yes","Yes","Yes"
"iocsent_CL","","","","","","","","No","No","No","No","No","Yes","","","","Yes","Yes","Yes"
"jamfprotectalerts_CL","","","","","","","","No","No","No","No","No","Yes","","","","Yes","Yes","Yes"
"jamfprotecttelemetryv2_CL","","","","","","","","No","No","No","No","No","Yes","","","","Yes","Yes","Yes"
"jamfprotectunifiedlogs_CL","","","","","","","","No","No","No","No","No","Yes","","","","Yes","Yes","Yes"
"meraki_CL","","","","","","","","No","No","No","No","No","Yes","","","","Yes","Yes","Yes"
"meshStackEventLogs_CL","","","","","","","","No","No","No","No","No","Yes","","","","No","Yes","No"
"net_assets_CL","","","","","","","","No","No","No","No","No","Yes","","","","No","Yes","No"
"prancer_CL","","","","","","","","No","No","No","No","No","Yes","","","","No","Yes","No"
"vcenter_CL","","","","","","","","No","No","No","No","No","Yes","","","","Yes","Yes","Yes"
"web_assets_CL","","","","","","","","No","No","No","No","No","Yes","","","","No","Yes","No"
